-- phpMyAdmin SQL Dump
-- version 4.8.4
-- https://www.phpmyadmin.net/
--
-- Servidor: 127.0.0.1
-- Tiempo de generación: 06-08-2020 a las 20:32:01
-- Versión del servidor: 10.1.37-MariaDB
-- Versión de PHP: 7.3.0

SET SQL_MODE = "NO_AUTO_VALUE_ON_ZERO";
SET AUTOCOMMIT = 0;
START TRANSACTION;
SET time_zone = "+00:00";


/*!40101 SET @OLD_CHARACTER_SET_CLIENT=@@CHARACTER_SET_CLIENT */;
/*!40101 SET @OLD_CHARACTER_SET_RESULTS=@@CHARACTER_SET_RESULTS */;
/*!40101 SET @OLD_COLLATION_CONNECTION=@@COLLATION_CONNECTION */;
/*!40101 SET NAMES utf8mb4 */;

--
-- Base de datos: `bd_gilda_pruebas`
--

-- --------------------------------------------------------

--
-- Estructura de tabla para la tabla `administrativo`
--

CREATE TABLE `administrativo` (
  `ID_ADMINISTRATIVO` int(11) NOT NULL,
  `ID_PERSONA` varchar(15) NOT NULL,
  `CONDICION` varchar(30) NOT NULL,
  `CARGO` varchar(40) NOT NULL,
  `CREADO` timestamp NOT NULL DEFAULT CURRENT_TIMESTAMP
) ENGINE=InnoDB DEFAULT CHARSET=utf8;

--
-- Volcado de datos para la tabla `administrativo`
--

INSERT INTO `administrativo` (`ID_ADMINISTRATIVO`, `ID_PERSONA`, `CONDICION`, `CARGO`, `CREADO`) VALUES
(1, '74085764', 'Contratado', 'Asistente Administrativo', '2020-05-08 01:01:38'),
(2, '09121894', 'Nombrado', 'Sub-Director', '2020-05-08 01:01:38'),
(3, '10226614', 'Nombrado', 'Director', '2020-05-08 01:01:38'),
(4, '41426972', 'Nombrado', 'Unidad Academica', '2020-05-20 07:24:00'),
(5, '40034231', 'Nombrado', 'Coordinador', '2020-06-05 04:54:11'),
(6, '15415656', 'Nombrado', 'Auxiliar de Biblioteca I', '2020-06-15 11:13:40'),
(7, '09130661', 'Nombrado', 'Trabajador de Servicio', '2020-06-15 11:15:29'),
(8, '19557438', 'Nombrado', 'Trabajador de Servicio', '2020-06-15 11:16:02'),
(9, '07218435', 'Nombrado', 'Oficinista II', '2020-06-15 11:16:28'),
(10, '09129625', 'Nombrado', 'Trabajador de Servicio', '2020-06-15 11:16:57'),
(11, '08408971', 'Nombrado', 'Trabajador de Servicio II', '2020-06-15 11:17:26'),
(12, '08353251', 'Nombrado', 'Secretaria II', '2020-06-15 11:17:51'),
(13, '09580069', 'Nombrado', 'Oficinista', '2020-06-15 11:18:25'),
(14, '08427885', 'Nombrado', 'Trabajador de Servicio', '2020-06-15 11:18:50'),
(15, '08360014', 'Nombrado', 'Trabajador de Servicio II', '2020-06-15 11:19:17'),
(16, '08350123', 'Nombrado', 'Oficinista II', '2020-06-15 11:19:40'),
(17, '06563877', 'Contratado', 'Técnico Administrativo', '2020-06-15 11:20:03'),
(19, '08398587', 'Nombrado', 'Trabajador de Servicio II', '2020-06-15 11:22:50'),
(20, '41966159', 'Nombrado', 'Auxiliar de Laboratorio', '2020-06-15 11:23:20'),
(21, '08943710', 'Nombrado ', 'Trabajador de Servicio', '2020-06-15 11:23:45'),
(22, '08547142', 'Nombrado', 'Trabajador de Servicio', '2020-06-15 11:24:07'),
(23, '07672853', 'Nombrado', 'Trabajador de Servicio', '2020-06-15 11:24:29'),
(24, '07863264', 'Nombrado', 'Trabajador de Servicio', '2020-06-15 11:25:12'),
(25, '29556963', 'Nombrado', 'Auxiliar de Laboratorio', '2020-06-15 11:25:35'),
(27, '10519723', 'Contratado', 'Tecnico Administrativo', '2020-06-15 11:26:42'),
(28, '40899608', 'Contratado', 'Programador PAD', '2020-06-15 11:27:05'),
(29, '43442980', 'Contratado', 'Trabajador de Servicio', '2020-06-15 11:27:46'),
(30, '06007764', 'Contratado', 'eeffef', '2020-08-06 18:10:12');

-- --------------------------------------------------------

--
-- Estructura de tabla para la tabla `asig_plaza_vacante`
--

CREATE TABLE `asig_plaza_vacante` (
  `ID_ASIG_PLAZA_V` int(11) NOT NULL,
  `ID_PERSONA` varchar(15) DEFAULT NULL,
  `ID_PLAZA_VACANTE` int(11) NOT NULL,
  `ESTADO` int(1) NOT NULL DEFAULT '1',
  `OBSERVACION` varchar(30) DEFAULT NULL,
  `CREACION` timestamp NOT NULL DEFAULT CURRENT_TIMESTAMP
) ENGINE=InnoDB DEFAULT CHARSET=utf8;

--
-- Volcado de datos para la tabla `asig_plaza_vacante`
--

INSERT INTO `asig_plaza_vacante` (`ID_ASIG_PLAZA_V`, `ID_PERSONA`, `ID_PLAZA_VACANTE`, `ESTADO`, `OBSERVACION`, `CREACION`) VALUES
(1, '10226614', 1, 1, '', '2020-05-11 08:21:01'),
(2, '09121894', 2, 0, 'renuncio', '2020-05-11 08:21:01'),
(3, '08781895', 3, 1, '', '2020-05-11 08:21:01'),
(4, '09086507', 4, 1, '', '2020-05-11 08:21:01'),
(5, '06245204', 5, 1, '', '2020-05-11 08:21:01'),
(6, '07893052', 6, 1, '', '2020-05-11 08:21:01'),
(7, '08009557', 7, 1, '', '2020-05-11 08:21:01'),
(8, '07241494', 8, 1, '', '2020-05-11 08:21:01'),
(9, '09541875', 9, 1, '', '2020-05-11 08:21:01'),
(10, '21527619', 10, 1, '', '2020-05-11 08:21:01'),
(11, '07035164', 11, 1, '', '2020-05-11 08:21:01'),
(12, '09120859', 12, 1, '', '2020-05-11 08:21:01'),
(13, '08362795', 13, 1, '', '2020-05-11 08:21:01'),
(14, '10447682', 14, 1, '', '2020-05-11 08:21:01'),
(15, '10866510', 15, 1, '', '2020-05-11 08:21:01'),
(16, '15604382', 16, 1, '', '2020-05-11 08:21:01'),
(17, '10331060', 17, 1, '', '2020-05-11 08:21:01'),
(18, '06691798', 18, 1, '', '2020-05-11 08:21:01'),
(19, '25619982', 19, 1, '', '2020-05-11 08:21:01'),
(20, '07909229', 20, 1, '', '2020-05-11 08:21:01'),
(21, '10007876', 21, 1, '', '2020-05-11 08:21:01'),
(22, '09136342', 22, 1, '', '2020-05-11 08:21:01'),
(23, '07569381', 23, 1, '', '2020-05-11 08:21:01'),
(24, '07147314', 24, 1, '', '2020-05-11 08:21:01'),
(25, '21864142', 25, 1, '', '2020-05-11 08:21:01'),
(26, '08362828', 26, 1, '', '2020-05-11 08:21:01'),
(27, '08766287', 27, 1, '', '2020-05-11 08:21:01'),
(28, '06000089', 28, 1, '', '2020-05-11 08:21:01'),
(29, '07611148', 29, 1, '', '2020-05-11 08:21:01'),
(30, '08958019', 30, 1, '', '2020-05-11 08:21:01'),
(31, '10484364', 31, 1, '', '2020-05-11 08:21:01'),
(32, '10751082', 32, 1, '', '2020-05-11 08:21:01'),
(33, '10348997', 33, 1, '', '2020-05-11 08:21:01'),
(34, '10338978', 34, 1, '', '2020-05-11 08:21:01'),
(35, '08560779', 35, 1, '', '2020-05-11 08:21:01'),
(36, '09874960', 36, 0, 'Limite de Edad 20-05-2020', '2020-05-11 08:21:01'),
(37, '08102608', 37, 1, '', '2020-05-11 08:21:01'),
(38, '08086960', 38, 1, '', '2020-05-11 08:21:01'),
(39, '21860621', 39, 1, '', '2020-05-11 08:21:01'),
(40, '08806618', 40, 1, '', '2020-05-11 08:21:01'),
(41, '09237051', 41, 1, '', '2020-05-11 08:21:01'),
(42, '08952014', 42, 1, '', '2020-05-11 08:21:01'),
(43, '06007764', 43, 1, '', '2020-05-11 08:21:01'),
(44, '08265137', 44, 1, '', '2020-05-11 08:21:01'),
(45, '06195983', 45, 1, '', '2020-05-11 08:21:01'),
(46, '19944586', 46, 1, '', '2020-05-11 08:21:01'),
(47, '08404484', 47, 1, '', '2020-05-11 08:21:01'),
(48, '07674010', 48, 1, '', '2020-05-11 08:21:01'),
(49, '09289133', 49, 1, '', '2020-05-11 08:21:01'),
(50, '08401157', 50, 1, '', '2020-05-11 08:21:01'),
(51, '16168702', 51, 1, '', '2020-05-11 08:21:01'),
(52, '06088867', 52, 1, '', '2020-05-11 08:21:01'),
(53, '43279379', 53, 1, '', '2020-05-11 08:21:01'),
(54, '10098289', 54, 1, '', '2020-05-11 08:21:01'),
(55, '09721083', 55, 1, '', '2020-05-11 08:21:01'),
(56, '10718367', 56, 1, '', '2020-05-11 08:21:01'),
(57, '40032759', 57, 1, '', '2020-05-11 08:21:01'),
(58, '09409485', 58, 1, '', '2020-05-11 08:21:01'),
(59, '09546471', 59, 1, '', '2020-05-11 08:21:01'),
(60, '10524996', 60, 1, '', '2020-05-11 08:21:01'),
(61, '44807430', 61, 1, '', '2020-05-11 08:21:01'),
(62, '45124334', 62, 1, '', '2020-05-11 08:21:01'),
(63, '16168594', 63, 1, '', '2020-05-11 08:21:01'),
(64, '07956490', 64, 1, '', '2020-05-11 08:21:01'),
(65, '10650976', 65, 1, '', '2020-05-11 08:21:01'),
(66, '10087395', 66, 1, '', '2020-05-11 08:21:01'),
(67, '06993247', 67, 1, '', '2020-05-11 08:21:01'),
(68, '10809045', 68, 1, '', '2020-05-11 08:21:01'),
(69, '08794524', 69, 1, '', '2020-05-11 08:21:01'),
(70, '40305202', 70, 1, '', '2020-05-11 08:21:01'),
(71, '07405481', 71, 1, '', '2020-05-11 08:21:01'),
(72, '45983867', 72, 1, '', '2020-05-11 08:21:01'),
(73, '09405771', 73, 1, '', '2020-05-11 08:21:01'),
(74, '42646856', 74, 1, '', '2020-05-11 08:21:01'),
(75, '16120909', 75, 1, '', '2020-05-11 08:21:01'),
(76, '41739825', 76, 1, '', '2020-05-11 08:21:01'),
(77, '08900576', 77, 1, '', '2020-05-11 08:21:01'),
(78, '42848773', 78, 1, '', '2020-05-11 08:21:01'),
(79, '40174999', 79, 1, '', '2020-05-11 08:21:01'),
(80, '07026470', 80, 1, '', '2020-05-11 08:21:01'),
(81, '18098269', 81, 1, '', '2020-05-11 08:21:01'),
(82, '09582979', 82, 1, '', '2020-05-11 08:21:01'),
(83, '44628281', 83, 1, '', '2020-05-11 08:21:01'),
(84, '09253109', 84, 1, '', '2020-05-11 08:21:01'),
(85, '44859897', 85, 1, '', '2020-05-11 08:21:01'),
(86, '43924539', 86, 1, '', '2020-05-11 08:21:01'),
(87, '09682926', 87, 1, '', '2020-05-11 08:21:01'),
(88, '40131252', 88, 1, '', '2020-05-11 08:21:01'),
(89, '10015145', 89, 1, '', '2020-05-11 08:21:01'),
(90, '08480056', 90, 1, '', '2020-05-11 08:21:01'),
(91, '09827810', 91, 1, '', '2020-05-11 08:21:01'),
(93, '48666856', 92, 1, '', '2020-05-11 08:21:01'),
(94, '43476111', 93, 1, '', '2020-05-11 08:21:01'),
(95, '70008397', 94, 1, '', '2020-05-11 08:21:01'),
(96, '70295941', 95, 1, '', '2020-05-11 08:21:01'),
(97, '44022944', 96, 1, '', '2020-05-11 08:21:01'),
(98, '08391755', 97, 1, '', '2020-05-11 08:21:01'),
(99, '40228607', 98, 1, '', '2020-05-11 08:21:01'),
(100, '10037324', 99, 1, '', '2020-05-11 08:21:01'),
(101, '70219860', 101, 1, '', '2020-05-11 08:21:01'),
(102, '10014826', 102, 1, '', '2020-05-11 08:21:01'),
(103, '72849319', 100, 1, '', '2020-05-11 08:21:01'),
(105, '08182892', 32, 0, 'Renuncio 20-05-2020', '2020-05-25 09:27:00'),
(106, '41292845', 36, 1, '', '2020-05-25 09:27:22'),
(107, '74085764', 103, 1, NULL, '2020-08-06 18:17:48');

-- --------------------------------------------------------

--
-- Estructura de tabla para la tabla `asistencia`
--

CREATE TABLE `asistencia` (
  `ID_ASISTENCIA` int(11) NOT NULL,
  `ID_PERSONA` varchar(15) NOT NULL,
  `ID_SEMESTRE` int(11) NOT NULL,
  `ID_CATEGORIA_ASI` int(2) NOT NULL DEFAULT '1',
  `TURNO` varchar(15) DEFAULT NULL,
  `DIA` varchar(15) NOT NULL,
  `ENTRADA_FECHA` date NOT NULL,
  `ENTRADA_HORA` time DEFAULT NULL,
  `OBSERVACION` text,
  `HORA_SALIDA` time DEFAULT NULL,
  `FECHA_M` datetime DEFAULT NULL
) ENGINE=InnoDB DEFAULT CHARSET=utf8;

--
-- Volcado de datos para la tabla `asistencia`
--

INSERT INTO `asistencia` (`ID_ASISTENCIA`, `ID_PERSONA`, `ID_SEMESTRE`, `ID_CATEGORIA_ASI`, `TURNO`, `DIA`, `ENTRADA_FECHA`, `ENTRADA_HORA`, `OBSERVACION`, `HORA_SALIDA`, `FECHA_M`) VALUES
(1, '15415656', 1, 2, 'D', 'Lunes', '2020-06-15', '06:56:07', NULL, '16:22:03', NULL),
(2, '09121894', 1, 2, 'D', 'Lunes', '2020-06-15', '07:04:36', NULL, '16:39:12', NULL),
(3, '40034231', 1, 2, 'D', 'Lunes', '2020-06-15', '07:09:13', NULL, '21:17:06', NULL),
(4, '09130661', 1, 2, 'D', 'Lunes', '2020-06-15', '07:12:14', NULL, '16:02:09', NULL),
(5, '06276805', 1, 2, 'D', 'Lunes', '2020-06-15', '07:22:58', NULL, '15:32:25', NULL),
(6, '15604382', 1, 2, 'D', 'Lunes', '2020-06-15', '07:23:45', NULL, '23:32:31', NULL),
(7, '70008397', 1, 2, 'D', 'Lunes', '2020-06-15', '07:25:30', NULL, '14:03:17', NULL),
(8, '40032759', 1, 2, 'D', 'Lunes', '2020-06-15', '07:29:19', NULL, '15:13:20', NULL),
(9, '10226614', 1, 2, 'D', 'Lunes', '2020-06-15', '07:33:17', NULL, '19:06:15', NULL),
(10, '10524996', 1, 2, 'D', 'Lunes', '2020-06-15', '07:34:03', NULL, '14:21:05', NULL),
(11, '06088867', 1, 2, 'D', 'Lunes', '2020-06-15', '07:35:34', NULL, '15:27:00', NULL),
(12, '10348997', 1, 2, 'D', 'Lunes', '2020-06-15', '07:36:39', NULL, '16:02:39', NULL),
(13, '70219860', 1, 2, 'D', 'Lunes', '2020-06-15', '07:37:33', NULL, '16:03:45', NULL),
(14, '08391755', 1, 2, 'D', 'Lunes', '2020-06-15', '07:37:52', NULL, '15:43:37', NULL),
(15, '43476111', 1, 2, 'D', 'Lunes', '2020-06-15', '07:38:13', NULL, '15:31:01', NULL),
(16, '08401157', 1, 2, 'D', 'Lunes', '2020-06-15', '07:38:42', NULL, '13:18:34', NULL),
(17, '44807430', 1, 2, 'D', 'Lunes', '2020-06-15', '07:41:36', NULL, '15:26:57', NULL),
(18, '08958019', 1, 2, 'D', 'Lunes', '2020-06-15', '07:42:36', NULL, '07:43:15', NULL),
(19, '45124334', 1, 2, 'D', 'Lunes', '2020-06-15', '07:44:24', NULL, '15:08:03', NULL),
(20, '72849319', 1, 2, 'D', 'Lunes', '2020-06-15', '07:45:21', NULL, '14:29:20', NULL),
(21, '09580069', 1, 2, 'D', 'Lunes', '2020-06-15', '07:47:07', NULL, '17:18:36', NULL),
(22, '41292845', 1, 2, 'D', 'Lunes', '2020-06-15', '07:47:12', NULL, '13:13:55', NULL),
(23, '06563877', 1, 2, 'D', 'Lunes', '2020-06-15', '07:47:50', NULL, '16:18:36', NULL),
(24, '41966159', 1, 2, 'D', 'Lunes', '2020-06-15', '07:49:32', NULL, '19:23:54', NULL),
(25, '08781895', 1, 2, 'D', 'Lunes', '2020-06-15', '07:50:01', NULL, '15:22:18', NULL),
(26, '10809045', 1, 2, 'D', 'Lunes', '2020-06-15', '07:50:03', NULL, '15:04:17', NULL),
(27, '40899608', 1, 2, 'D', 'Lunes', '2020-06-15', '07:50:15', NULL, '17:07:22', NULL),
(28, '10751082', 1, 2, 'D', 'Lunes', '2020-06-15', '07:50:23', NULL, '14:05:35', NULL),
(29, '29556963', 1, 2, 'D', 'Lunes', '2020-06-15', '07:51:01', NULL, '17:03:07', NULL),
(30, '06058629', 1, 2, 'D', 'Lunes', '2020-06-15', '07:51:53', NULL, '16:20:13', NULL),
(31, '06245204', 1, 2, 'D', 'Lunes', '2020-06-15', '07:53:08', NULL, '14:10:07', NULL),
(32, '45983867', 1, 2, 'D', 'Lunes', '2020-06-15', '07:53:14', NULL, '15:17:48', NULL),
(33, '07405481', 1, 2, 'D', 'Lunes', '2020-06-15', '07:54:39', NULL, '13:16:12', NULL),
(34, '07672853', 1, 2, 'D', 'Lunes', '2020-06-15', '07:55:49', NULL, '16:24:22', NULL),
(35, '08958019', 1, 2, 'D', 'Lunes', '2020-06-15', '07:56:23', NULL, '14:41:38', NULL),
(36, '09546471', 1, 2, 'D', 'Lunes', '2020-06-15', '07:57:00', NULL, '18:21:00', NULL),
(37, '08362795', 1, 2, 'D', 'Lunes', '2020-06-15', '07:58:17', NULL, '16:22:53', NULL),
(38, '08404484', 1, 2, 'D', 'Lunes', '2020-06-15', '07:58:56', NULL, '16:32:40', NULL),
(39, '07611148', 1, 2, 'D', 'Lunes', '2020-06-15', '07:59:03', NULL, '14:11:02', NULL),
(40, '08952014', 1, 2, 'D', 'Lunes', '2020-06-15', '07:59:23', NULL, '15:03:29', NULL),
(42, '10098289', 1, 2, 'D', 'Lunes', '2020-06-15', '08:03:07', NULL, '15:10:56', NULL),
(43, '09582979', 1, 2, 'D', 'Lunes', '2020-06-15', '08:03:33', NULL, '15:14:59', NULL),
(44, '09409485', 1, 2, 'D', 'Lunes', '2020-06-15', '08:09:40', NULL, '15:09:18', NULL),
(45, '07241494', 1, 2, 'D', 'Lunes', '2020-06-15', '08:10:10', NULL, '19:44:51', NULL),
(46, '08353251', 1, 2, 'D', 'Lunes', '2020-06-15', '08:14:24', NULL, '16:38:45', NULL),
(47, '08362828', 1, 2, 'D', 'Lunes', '2020-06-15', '08:24:57', NULL, '22:23:12', NULL),
(48, '07674010', 1, 2, 'D', 'Lunes', '2020-06-15', '08:26:05', NULL, '16:12:19', NULL),
(49, '08547142', 1, 2, 'D', 'Lunes', '2020-06-15', '08:34:11', NULL, '16:43:47', NULL),
(50, '07218435', 1, 2, 'D', 'Lunes', '2020-06-15', '08:34:24', NULL, '16:36:37', NULL),
(51, '41426972', 1, 2, 'D', 'Lunes', '2020-06-15', '08:36:17', NULL, '17:44:29', NULL),
(52, '08794524', 1, 2, 'D', 'Lunes', '2020-06-15', '08:48:18', NULL, '15:34:34', NULL),
(53, '43279379', 1, 2, 'D', 'Lunes', '2020-06-15', '08:49:50', NULL, '17:52:59', NULL),
(54, '07026470', 1, 2, 'D', 'Lunes', '2020-06-15', '08:57:17', NULL, '13:26:54', NULL),
(55, '10022020', 1, 2, 'D', 'Lunes', '2020-06-15', '08:59:56', NULL, '16:09:19', NULL),
(56, '08422154', 1, 2, 'D', 'Lunes', '2020-06-15', '09:22:22', NULL, '16:52:47', NULL),
(57, '40174999', 1, 2, 'D', 'Lunes', '2020-06-15', '09:27:23', NULL, '22:12:29', NULL),
(58, '10650976', 1, 2, 'D', 'Lunes', '2020-06-15', '09:30:25', NULL, '14:41:26', NULL),
(59, '06993247', 1, 2, 'D', 'Lunes', '2020-06-15', '09:30:26', NULL, '15:14:41', NULL),
(60, '10037324', 1, 2, 'D', 'Lunes', '2020-06-15', '12:33:31', NULL, '15:01:14', NULL),
(61, '07147314', 1, 2, 'D', 'Lunes', '2020-06-15', '13:38:37', NULL, '13:40:22', NULL),
(62, '10866510', 1, 2, 'D', 'Lunes', '2020-06-15', '13:58:05', NULL, '22:25:09', NULL),
(63, '10331060', 1, 2, 'N', 'Lunes', '2020-06-15', '14:04:29', NULL, '22:22:59', NULL),
(64, '10447682', 1, 2, 'N', 'Lunes', '2020-06-15', '14:34:39', NULL, '22:25:06', NULL),
(65, '21527619', 1, 2, 'N', 'Lunes', '2020-06-15', '14:43:25', NULL, '22:59:16', NULL),
(66, '07035164', 1, 2, 'N', 'Lunes', '2020-06-15', '14:45:24', NULL, '22:20:21', NULL),
(67, '21860621', 1, 5, 'N', 'Lunes', '2020-06-15', '14:49:31', 'Implementacion del sistema de marccion de asistencia', NULL, NULL),
(68, '08766287', 1, 2, 'N', 'Lunes', '2020-06-15', '14:53:13', NULL, '22:30:11', NULL),
(69, '41739825', 1, 2, 'N', 'Lunes', '2020-06-15', '14:53:19', NULL, '22:22:14', NULL),
(70, '42848773', 1, 2, 'N', 'Lunes', '2020-06-15', '14:54:30', NULL, '22:21:36', NULL),
(71, '09120859', 1, 2, 'N', 'Lunes', '2020-06-15', '15:01:21', NULL, '23:33:27', NULL),
(72, '42646856', 1, 2, 'N', 'Lunes', '2020-06-15', '15:01:48', NULL, '22:25:05', NULL),
(73, '16168594', 1, 2, 'N', 'Lunes', '2020-06-15', '15:18:32', NULL, '22:44:33', NULL),
(74, '07956490', 1, 2, 'N', 'Lunes', '2020-06-15', '15:23:59', NULL, '22:21:14', NULL),
(75, '07909229', 1, 2, 'N', 'Lunes', '2020-06-15', '15:32:29', NULL, '22:25:44', NULL),
(76, '40305202', 1, 2, 'N', 'Lunes', '2020-06-15', '15:32:39', NULL, '22:57:51', NULL),
(77, '10037324', 1, 2, 'N', 'Lunes', '2020-06-15', '15:36:23', NULL, '22:36:24', NULL),
(78, '09086507', 1, 2, 'N', 'Lunes', '2020-06-15', '15:44:31', NULL, '23:02:50', NULL),
(79, '19944586', 1, 2, 'N', 'Lunes', '2020-06-15', '15:52:17', NULL, '22:28:26', NULL),
(80, '10338978', 1, 5, 'N', 'Lunes', '2020-06-15', '15:53:10', 'Justificacion de marcado de salida de dia 15/06/2020 enviado al correo del Jefe de la Unidad Administrativa.', NULL, NULL),
(81, '21864142', 1, 2, 'N', 'Lunes', '2020-06-15', '15:57:06', NULL, '22:24:29', NULL),
(82, '25619982', 1, 2, 'N', 'Lunes', '2020-06-15', '16:00:10', NULL, '22:28:03', NULL),
(83, '06195983', 1, 2, 'N', 'Lunes', '2020-06-15', '16:05:10', NULL, '22:21:23', NULL),
(84, '48666856', 1, 2, 'N', 'Lunes', '2020-06-15', '16:09:21', NULL, '22:23:02', NULL),
(85, '44022944', 1, 2, 'N', 'Lunes', '2020-06-15', '16:13:17', NULL, '22:28:13', NULL),
(86, '10087395', 1, 2, 'N', 'Lunes', '2020-06-15', '16:17:20', NULL, '22:22:14', NULL),
(87, '40228607', 1, 2, 'N', 'Lunes', '2020-06-15', '16:17:29', NULL, '22:59:57', NULL),
(88, '10014826', 1, 2, 'N', 'Lunes', '2020-06-15', '16:29:34', NULL, '22:29:44', NULL),
(89, '70295941', 1, 5, 'N', 'Lunes', '2020-06-15', '16:29:59', 'Implementacion del sistema de marccion de asistencia', NULL, NULL),
(90, '08102608', 1, 2, 'N', 'Lunes', '2020-06-15', '16:43:50', NULL, '22:44:10', NULL),
(91, '09721083', 1, 2, 'N', 'Lunes', '2020-06-15', '16:57:13', NULL, '22:55:22', NULL),
(92, '09136342', 1, 2, 'N', 'Lunes', '2020-06-15', '16:58:32', NULL, '22:25:54', NULL),
(93, '06000089', 1, 2, 'N', 'Lunes', '2020-06-15', '17:01:43', NULL, '22:20:41', NULL),
(94, '10484364', 1, 2, 'N', 'Lunes', '2020-06-15', '17:16:09', NULL, '23:33:23', NULL),
(95, '07569381', 1, 2, 'N', 'Lunes', '2020-06-15', '17:16:50', NULL, '22:52:39', NULL),
(96, '08900576', 1, 2, 'N', 'Lunes', '2020-06-15', '17:20:36', NULL, '22:27:19', NULL),
(97, '08265137', 1, 2, 'N', 'Lunes', '2020-06-15', '17:21:09', NULL, '23:36:18', NULL),
(98, '09405771', 1, 2, 'N', 'Lunes', '2020-06-15', '17:23:24', NULL, '22:27:54', NULL),
(99, '08480056', 1, 2, 'N', 'Lunes', '2020-06-15', '17:28:10', NULL, '22:20:58', NULL),
(100, '16168702', 1, 2, 'N', 'Lunes', '2020-06-15', '17:28:35', NULL, '22:32:37', NULL),
(101, '08806618', 1, 2, 'N', 'Lunes', '2020-06-15', '17:33:16', NULL, '22:22:56', NULL),
(102, '09682926', 1, 2, 'N', 'Lunes', '2020-06-15', '17:43:16', NULL, '22:30:45', NULL),
(103, '08086960', 1, 5, 'N', 'Lunes', '2020-06-15', '17:45:58', 'Justificacion segun lo informado (Correo)', NULL, NULL),
(104, '08560779', 1, 2, 'N', 'Lunes', '2020-06-15', '18:03:19', NULL, '22:33:39', NULL),
(105, '44628281', 1, 2, 'N', 'Lunes', '2020-06-15', '18:03:32', NULL, '22:24:07', NULL),
(106, '06691798', 1, 2, 'N', 'Lunes', '2020-06-15', '18:07:47', NULL, '23:04:54', NULL),
(107, '09253109', 1, 2, 'N', 'Lunes', '2020-06-15', '19:06:57', NULL, '22:25:57', NULL),
(108, '41292845', 1, 5, 'N', 'Lunes', '2020-06-15', '19:20:26', 'Tardanza justificada de las 17:08 horas hasta 19:20 horas por medio del FUT INSTITUCIONAL DE FECHA 15/06/2020 ', '22:12:39', NULL),
(110, '43442980', 1, 2, 'D', 'Martes', '2020-06-16', '06:53:50', NULL, '15:16:36', NULL),
(111, '08794524', 1, 2, 'D', 'Martes', '2020-06-16', '07:05:20', NULL, '15:05:47', NULL),
(112, '15415656', 1, 2, 'D', 'Martes', '2020-06-16', '07:09:37', NULL, '16:23:11', NULL),
(113, '10022020', 1, 2, 'D', 'Martes', '2020-06-16', '07:09:39', NULL, '14:33:25', NULL),
(114, '15604382', 1, 2, 'D', 'Martes', '2020-06-16', '07:19:20', NULL, '20:56:59', NULL),
(115, '41966159', 1, 2, 'D', 'Martes', '2020-06-16', '07:21:35', NULL, '19:52:19', NULL),
(116, '06195983', 1, 2, 'D', 'Martes', '2020-06-16', '07:22:40', NULL, '13:31:49', NULL),
(117, '08391755', 1, 2, 'D', 'Martes', '2020-06-16', '07:23:22', NULL, '14:11:00', NULL),
(118, '10524996', 1, 2, 'D', 'Martes', '2020-06-16', '07:31:00', NULL, '13:25:42', NULL),
(119, '07147314', 1, 2, 'D', 'Martes', '2020-06-16', '07:31:08', NULL, '14:21:56', NULL),
(120, '19944586', 1, 2, 'D', 'Martes', '2020-06-16', '07:33:15', NULL, '13:58:12', NULL),
(121, '44628281', 1, 2, 'D', 'Martes', '2020-06-16', '07:36:00', NULL, '11:00:38', NULL),
(122, '43476111', 1, 2, 'D', 'Martes', '2020-06-16', '07:37:16', NULL, '14:06:06', NULL),
(123, '08362828', 1, 2, 'D', 'Martes', '2020-06-16', '07:37:51', NULL, '16:17:14', NULL),
(124, '70008397', 1, 2, 'D', 'Martes', '2020-06-16', '07:38:34', NULL, '14:01:08', NULL),
(125, '08401157', 1, 2, 'D', 'Martes', '2020-06-16', '07:39:11', NULL, '17:21:43', NULL),
(126, '07674010', 1, 7, 'D', 'Martes', '2020-06-16', '07:39:19', 'Justificacion de omision por reconocimiento de la plataforma', '15:00:00', '2020-06-21 01:17:27'),
(127, '08766287', 1, 2, 'D', 'Martes', '2020-06-16', '07:39:32', NULL, '15:01:28', NULL),
(128, '10226614', 1, 2, 'D', 'Martes', '2020-06-16', '07:40:16', NULL, '19:54:01', NULL),
(129, '10650976', 1, 2, 'D', 'Martes', '2020-06-16', '07:40:28', NULL, '15:11:31', NULL),
(130, '43924539', 1, 2, 'D', 'Martes', '2020-06-16', '07:40:55', NULL, '09:45:31', NULL),
(131, '07611148', 1, 2, 'D', 'Martes', '2020-06-16', '07:40:56', NULL, '16:50:57', NULL),
(132, '08353251', 1, 2, 'D', 'Martes', '2020-06-16', '07:41:26', NULL, '16:20:24', NULL),
(136, '40899608', 1, 2, 'D', 'Martes', '2020-06-16', '07:41:43', NULL, '17:11:38', NULL),
(138, '07035164', 1, 2, 'D', 'Martes', '2020-06-16', '07:42:43', NULL, '15:32:44', NULL),
(139, '08422154', 1, 2, 'D', 'Martes', '2020-06-16', '07:43:41', NULL, '16:25:54', NULL),
(140, '09136342', 1, 7, 'D', 'Martes', '2020-06-16', '07:44:37', 'Justificacion de omision por reconocimiento de la plataforma', '15:05:00', '2020-06-21 01:16:02'),
(141, '07672853', 1, 2, 'D', 'Martes', '2020-06-16', '07:44:53', NULL, '16:34:15', NULL),
(142, '45124334', 1, 2, 'D', 'Martes', '2020-06-16', '07:45:25', NULL, '15:06:32', NULL),
(143, '72849319', 1, 2, 'D', 'Martes', '2020-06-16', '07:45:47', NULL, '16:02:34', NULL),
(144, '07909229', 1, 2, 'D', 'Martes', '2020-06-16', '07:45:47', NULL, '16:21:53', NULL),
(145, '07241494', 1, 7, 'D', 'Martes', '2020-06-16', '07:47:36', 'Justificacion de omision por reconocimiento de la plataforma', '16:30:00', '2020-06-21 01:12:17'),
(146, '08560779', 1, 2, 'D', 'Martes', '2020-06-16', '07:48:30', NULL, '15:22:25', NULL),
(147, '09541875', 1, 2, 'D', 'Martes', '2020-06-16', '07:49:03', NULL, '18:24:10', NULL),
(148, '44807430', 1, 2, 'D', 'Martes', '2020-06-16', '07:50:10', NULL, '15:26:48', NULL),
(149, '10087395', 1, 2, 'D', 'Martes', '2020-06-16', '07:50:11', NULL, '14:02:15', NULL),
(150, '41292845', 1, 2, 'D', 'Martes', '2020-06-16', '07:51:36', NULL, '13:12:48', NULL),
(151, '08362795', 1, 7, 'D', 'Martes', '2020-06-16', '07:51:54', 'Justificacion de omision por reconocimiento de la plataforma', '15:30:00', '2020-06-21 01:09:52'),
(152, '10447682', 1, 2, 'D', 'Martes', '2020-06-16', '07:51:59', NULL, '15:40:41', NULL),
(153, '08958019', 1, 2, 'D', 'Martes', '2020-06-16', '07:52:02', NULL, '15:31:42', NULL),
(154, '70219860', 1, 2, 'D', 'Martes', '2020-06-16', '07:52:42', NULL, '14:28:53', NULL),
(155, '06563877', 1, 2, 'D', 'Martes', '2020-06-16', '07:53:58', NULL, '16:16:09', NULL),
(156, '10338978', 1, 2, 'D', 'Martes', '2020-06-16', '07:54:01', NULL, '14:13:11', NULL),
(157, '16120909', 1, 2, 'D', 'Martes', '2020-06-16', '07:54:13', NULL, '14:46:21', NULL),
(158, '08547142', 1, 2, 'D', 'Martes', '2020-06-16', '07:54:28', NULL, '16:51:35', NULL),
(159, '07218435', 1, 2, 'D', 'Martes', '2020-06-16', '07:55:23', NULL, '17:54:10', NULL),
(160, '40034231', 1, 2, 'D', 'Martes', '2020-06-16', '07:55:31', NULL, '18:36:06', NULL),
(161, '09580069', 1, 2, 'D', 'Martes', '2020-06-16', '07:55:41', NULL, '22:05:11', NULL),
(162, '08952014', 1, 2, 'D', 'Martes', '2020-06-16', '07:56:15', NULL, '15:04:22', NULL),
(163, '10098289', 1, 2, 'D', 'Martes', '2020-06-16', '07:57:34', NULL, '17:23:42', NULL),
(164, '08265137', 1, 2, 'D', 'Martes', '2020-06-16', '07:57:50', NULL, '14:01:02', NULL),
(165, '09120859', 1, 2, 'D', 'Martes', '2020-06-16', '07:59:00', NULL, '15:52:10', NULL),
(166, '07405481', 1, 2, 'D', 'Martes', '2020-06-16', '07:59:57', NULL, '13:17:39', NULL),
(167, '21864142', 1, 2, 'D', 'Martes', '2020-06-16', '08:00:02', NULL, '14:41:00', NULL),
(168, '41426972', 1, 2, 'D', 'Martes', '2020-06-16', '08:00:37', NULL, '18:08:18', NULL),
(169, '08404484', 1, 2, 'D', 'Martes', '2020-06-16', '08:02:06', NULL, '15:19:45', NULL),
(170, '09827810', 1, 2, 'D', 'Martes', '2020-06-16', '08:04:45', NULL, '13:02:50', NULL),
(171, '16168702', 1, 2, 'D', 'Martes', '2020-06-16', '08:05:49', NULL, '15:05:11', NULL),
(172, '09721083', 1, 7, 'D', 'Martes', '2020-06-16', '08:06:15', 'Justificacion de omision por reconocimiento de la plataforma', '13:12:00', '2020-06-21 01:08:06'),
(173, '29556963', 1, 2, 'D', 'Martes', '2020-06-16', '08:08:33', NULL, '17:51:18', NULL),
(174, '18098269', 1, 2, 'D', 'Martes', '2020-06-16', '08:11:19', NULL, '22:23:10', NULL),
(175, '06058629', 1, 2, 'D', 'Martes', '2020-06-16', '08:11:33', NULL, '18:02:39', NULL),
(176, '40174999', 1, 2, 'D', 'Martes', '2020-06-16', '08:27:04', NULL, '15:13:41', NULL),
(177, '09682926', 1, 2, 'D', 'Martes', '2020-06-16', '08:36:43', NULL, '16:22:57', NULL),
(178, '09237051', 1, 2, 'D', 'Martes', '2020-06-16', '08:45:25', NULL, '15:10:39', NULL),
(179, '07026470', 1, 2, 'D', 'Martes', '2020-06-16', '08:48:54', NULL, '16:09:50', NULL),
(180, '21527619', 1, 2, 'D', 'Martes', '2020-06-16', '09:34:58', NULL, '22:25:45', NULL),
(181, '07863264', 1, 2, 'D', 'Martes', '2020-06-16', '12:09:00', NULL, '22:12:24', NULL),
(182, '06691798', 1, 2, 'N', 'Martes', '2020-06-16', '14:13:54', NULL, '22:31:15', NULL),
(183, '10331060', 1, 7, 'N', 'Martes', '2020-06-16', '14:32:55', 'Justificacion de omision por reconocimiento de la plataforma', '22:22:00', '2020-06-21 01:05:28'),
(184, '10866510', 1, 2, 'N', 'Martes', '2020-06-16', '14:37:47', NULL, '22:23:46', NULL),
(185, '41739825', 1, 2, 'N', 'Martes', '2020-06-16', '14:56:38', NULL, '22:23:04', NULL),
(186, '42646856', 1, 2, 'N', 'Martes', '2020-06-16', '15:01:19', NULL, '22:41:14', NULL),
(187, '40032759', 1, 2, 'N', 'Martes', '2020-06-16', '15:02:50', NULL, '22:25:56', NULL),
(188, '06088867', 1, 2, 'N', 'Martes', '2020-06-16', '15:03:23', NULL, '23:14:34', NULL),
(189, '16168594', 1, 2, 'N', 'Martes', '2020-06-16', '15:11:17', NULL, '22:22:11', NULL),
(190, '10809045', 1, 2, 'N', 'Martes', '2020-06-16', '15:12:05', NULL, '22:23:50', NULL),
(191, '10348997', 1, 5, 'N', 'Martes', '2020-06-16', '15:12:41', 'Justificacion de marcacion de salida segun MEMORANDUM N°006-PAPB-2020-IESTP\"GLBR\"', NULL, NULL),
(192, '08781895', 1, 2, 'N', 'Martes', '2020-06-16', '15:12:56', NULL, '22:20:53', NULL),
(193, '21860621', 1, 2, 'N', 'Martes', '2020-06-16', '15:16:22', NULL, '22:23:27', NULL),
(194, '06993247', 1, 2, 'N', 'Martes', '2020-06-16', '15:19:45', NULL, '22:24:44', NULL),
(195, '09409485', 1, 2, 'N', 'Martes', '2020-06-16', '15:33:00', NULL, '22:21:05', NULL),
(196, '42848773', 1, 2, 'N', 'Martes', '2020-06-16', '15:33:02', NULL, '22:43:41', NULL),
(197, '10007876', 1, 2, 'N', 'Martes', '2020-06-16', '15:35:01', NULL, '15:35:42', NULL),
(212, '45983867', 1, 2, 'N', 'Martes', '2020-06-16', '15:36:02', NULL, '22:38:17', NULL),
(213, '08900576', 1, 2, 'N', 'Martes', '2020-06-16', '15:38:25', NULL, '22:27:51', NULL),
(214, '70295941', 1, 2, 'N', 'Martes', '2020-06-16', '15:56:30', NULL, '23:00:12', NULL),
(215, '40305202', 1, 2, 'N', 'Martes', '2020-06-16', '16:01:00', ' ', '22:22:00', '2020-07-03 08:40:32'),
(216, '44022944', 1, 2, 'N', 'Martes', '2020-06-16', '16:06:51', NULL, '22:31:30', NULL),
(217, '48666856', 1, 2, 'N', 'Martes', '2020-06-16', '16:07:30', NULL, '22:25:23', NULL),
(218, '09546471', 1, 2, 'N', 'Martes', '2020-06-16', '16:10:59', NULL, '22:27:56', NULL),
(219, '10037324', 1, 2, 'N', 'Martes', '2020-06-16', '16:16:19', NULL, '22:28:58', NULL),
(220, '40228607', 1, 2, 'N', 'Martes', '2020-06-16', '16:17:43', NULL, '22:22:15', NULL),
(221, '10014826', 1, 2, 'N', 'Martes', '2020-06-16', '16:18:32', NULL, '22:33:21', NULL),
(222, '25619982', 1, 2, 'N', 'Martes', '2020-06-16', '16:24:43', NULL, '23:18:33', NULL),
(223, '44859897', 1, 2, 'N', 'Martes', '2020-06-16', '16:40:55', NULL, '23:14:55', NULL),
(224, '07569381', 1, 2, 'N', 'Martes', '2020-06-16', '16:45:41', NULL, '22:26:22', NULL),
(225, '06000089', 1, 2, 'N', 'Martes', '2020-06-16', '16:54:09', NULL, '22:21:37', NULL),
(226, '09582979', 1, 7, 'N', 'Martes', '2020-06-16', '17:01:05', 'Justificacion por omision INFORME Nº 005 OMISION DE MARCADO DE SALIDA– WSC - 2020', '22:20:00', '2020-06-22 11:14:25'),
(227, '09405771', 1, 2, 'N', 'Martes', '2020-06-16', '17:03:40', NULL, '22:36:03', NULL),
(228, '08806618', 1, 2, 'N', 'Martes', '2020-06-16', '17:03:43', NULL, '22:23:00', NULL),
(229, '08102608', 1, 2, 'N', 'Martes', '2020-06-16', '17:16:41', NULL, '23:09:27', NULL),
(230, '09121894', 1, 2, 'N', 'Martes', '2020-06-16', '17:21:00', NULL, '19:26:19', NULL),
(231, '10751082', 1, 5, 'N', 'Martes', '2020-06-16', '17:22:17', 'Justificacion de omision por reconocimiento de la plataforma', '22:22:00', '2020-07-05 01:44:40'),
(232, '43924539', 1, 2, 'N', 'Martes', '2020-06-16', '17:27:35', NULL, '20:46:10', NULL),
(233, '10484364', 1, 7, 'N', 'Martes', '2020-06-16', '17:34:56', 'Justificacion de omision por reconocimiento de la plataforma', '22:22:00', '2020-06-21 03:20:44'),
(234, '09086507', 1, 5, 'N', 'Martes', '2020-06-16', '17:37:11', 'Justificacion de tardanza por unica vez del 15/06/2020 eviado por el correo de la Unidad administrativa', '22:43:45', NULL),
(235, '43279379', 1, 5, 'N', 'Martes', '2020-06-16', '18:14:17', 'Reconocimiento de la Plataforma de Asistencia', '18:14:51', NULL),
(236, '43924539', 1, 2, 'N', 'Martes', '2020-06-16', '20:48:37', NULL, '22:52:17', NULL),
(237, '08086960', 1, 5, 'N', 'Martes', '2020-06-16', '23:07:29', 'Justificacion segun lo informado (Correo)', '23:07:46', NULL),
(241, '43442980', 1, 2, 'D', 'Miercoles', '2020-06-17', '06:51:14', NULL, '15:16:44', NULL),
(242, '07863264', 1, 2, 'D', 'Miercoles', '2020-06-17', '06:57:54', NULL, '15:16:19', NULL),
(243, '40032759', 1, 2, 'D', 'Miercoles', '2020-06-17', '07:05:38', NULL, '17:18:34', NULL),
(244, '15415656', 1, 2, 'D', 'Miercoles', '2020-06-17', '07:08:39', NULL, '16:20:12', NULL),
(245, '08391755', 1, 7, 'D', 'Miercoles', '2020-06-17', '07:10:07', 'JUSTIFICACION POR OMISION DE SALIDA POR MEDIO DEL FUT', '14:00:00', '2020-07-05 01:56:00'),
(246, '42848773', 1, 2, 'D', 'Miercoles', '2020-06-17', '07:15:54', NULL, '16:13:12', NULL),
(247, '07674010', 1, 2, 'D', 'Miercoles', '2020-06-17', '07:16:11', NULL, '15:44:13', NULL),
(248, '06088867', 1, 2, 'D', 'Miercoles', '2020-06-17', '07:16:30', NULL, '17:21:21', NULL),
(249, '15604382', 1, 2, 'D', 'Miercoles', '2020-06-17', '07:23:21', NULL, '22:09:08', NULL),
(250, '08794524', 1, 2, 'D', 'Miercoles', '2020-06-17', '07:26:50', NULL, '17:13:54', NULL),
(251, '41739825', 1, 2, 'D', 'Miercoles', '2020-06-17', '07:29:06', NULL, '15:05:05', NULL),
(252, '10022020', 1, 2, 'D', 'Miercoles', '2020-06-17', '07:31:29', NULL, '14:38:50', NULL),
(253, '09405771', 1, 2, 'D', 'Miercoles', '2020-06-17', '07:31:45', NULL, '13:41:58', NULL),
(254, '07147314', 1, 2, 'D', 'Miercoles', '2020-06-17', '07:33:07', NULL, '15:08:02', NULL),
(255, '40174999', 1, 2, 'D', 'Miercoles', '2020-06-17', '07:34:28', NULL, '15:12:35', NULL),
(256, '10348997', 1, 2, 'D', 'Miercoles', '2020-06-17', '07:34:39', NULL, '16:09:03', NULL),
(257, '43476111', 1, 2, 'D', 'Miercoles', '2020-06-17', '07:34:42', NULL, '14:20:48', NULL),
(258, '09541875', 1, 2, 'D', 'Miercoles', '2020-06-17', '07:35:03', NULL, '15:42:36', NULL),
(259, '70008397', 1, 2, 'D', 'Miercoles', '2020-06-17', '07:37:50', NULL, '14:39:48', NULL),
(260, '08958019', 1, 2, 'D', 'Miercoles', '2020-06-17', '07:37:51', NULL, '15:18:03', NULL),
(261, '21864142', 1, 2, 'D', 'Miercoles', '2020-06-17', '07:38:02', NULL, '18:48:35', NULL),
(262, '09237051', 1, 2, 'D', 'Miercoles', '2020-06-17', '07:38:12', NULL, '16:20:21', NULL),
(263, '08401157', 1, 2, 'D', 'Miercoles', '2020-06-17', '07:40:06', NULL, '13:17:03', NULL),
(264, '45124334', 1, 2, 'D', 'Miercoles', '2020-06-17', '07:41:38', NULL, '15:07:18', NULL),
(265, '10331060', 1, 2, 'D', 'Miercoles', '2020-06-17', '07:42:07', NULL, '15:07:37', NULL),
(266, '08422154', 1, 2, 'D', 'Miercoles', '2020-06-17', '07:42:40', NULL, '16:26:37', NULL),
(267, '40899608', 1, 2, 'D', 'Miercoles', '2020-06-17', '07:43:45', NULL, '17:45:38', NULL),
(268, '72849319', 1, 2, 'D', 'Miercoles', '2020-06-17', '07:44:47', NULL, '14:19:08', NULL),
(269, '10007876', 1, 2, 'D', 'Miercoles', '2020-06-17', '07:45:16', NULL, '15:51:40', NULL),
(270, '09086507', 1, 2, 'D', 'Miercoles', '2020-06-17', '07:45:22', NULL, '19:42:47', NULL),
(271, '09580069', 1, 2, 'D', 'Miercoles', '2020-06-17', '07:45:39', NULL, '17:17:56', NULL),
(272, '08766287', 1, 2, 'D', 'Miercoles', '2020-06-17', '07:45:44', NULL, '15:00:15', NULL),
(273, '40034231', 1, 2, 'D', 'Miercoles', '2020-06-17', '07:46:35', NULL, '17:23:44', NULL),
(274, '42646856', 1, 2, 'D', 'Miercoles', '2020-06-17', '07:46:50', NULL, '15:18:31', NULL),
(275, '07909229', 1, 2, 'D', 'Miercoles', '2020-06-17', '07:47:56', NULL, '15:27:15', NULL),
(276, '09409485', 1, 2, 'D', 'Miercoles', '2020-06-17', '07:48:44', NULL, '15:02:13', NULL),
(277, '29556963', 1, 2, 'D', 'Miercoles', '2020-06-17', '07:50:30', NULL, '17:25:41', NULL),
(278, '10226614', 1, 2, 'D', 'Miercoles', '2020-06-17', '07:50:31', NULL, '17:15:11', NULL),
(279, '08781895', 1, 2, 'D', 'Miercoles', '2020-06-17', '07:50:36', NULL, '15:20:01', NULL),
(280, '07672853', 1, 2, 'D', 'Miercoles', '2020-06-17', '07:50:51', NULL, '16:19:57', NULL),
(281, '07956490', 1, 2, 'D', 'Miercoles', '2020-06-17', '07:51:00', NULL, '15:28:57', NULL),
(282, '08353251', 1, 2, 'D', 'Miercoles', '2020-06-17', '07:51:04', NULL, '16:22:02', NULL),
(283, '70219860', 1, 2, 'D', 'Miercoles', '2020-06-17', '07:51:11', NULL, '15:15:07', NULL),
(284, '07035164', 1, 2, 'D', 'Miercoles', '2020-06-17', '07:51:17', NULL, '15:31:00', NULL),
(285, '08547142', 1, 2, 'D', 'Miercoles', '2020-06-17', '07:52:42', NULL, '17:42:18', NULL),
(286, '10447682', 1, 2, 'D', 'Miercoles', '2020-06-17', '07:53:23', NULL, '15:44:27', NULL),
(287, '06245204', 1, 2, 'D', 'Miercoles', '2020-06-17', '07:53:39', NULL, '16:40:13', NULL),
(288, '07405481', 1, 2, 'D', 'Miercoles', '2020-06-17', '07:53:43', NULL, '13:55:03', NULL),
(289, '07218435', 1, 2, 'D', 'Miercoles', '2020-06-17', '07:53:48', NULL, '17:20:09', NULL),
(290, '10087395', 1, 2, 'D', 'Miercoles', '2020-06-17', '07:53:50', NULL, '15:02:25', NULL),
(291, '10524996', 1, 2, 'D', 'Miercoles', '2020-06-17', '07:55:03', NULL, '14:25:32', NULL),
(292, '41426972', 1, 2, 'D', 'Miercoles', '2020-06-17', '07:55:04', NULL, '19:39:33', NULL),
(293, '08952014', 1, 2, 'D', 'Miercoles', '2020-06-17', '07:56:35', NULL, '15:07:25', NULL),
(294, '18098269', 1, 2, 'D', 'Miercoles', '2020-06-17', '07:57:02', NULL, '21:53:27', NULL),
(295, '16120909', 1, 2, 'D', 'Miercoles', '2020-06-17', '07:57:07', NULL, '14:41:20', NULL),
(296, '09546471', 1, 2, 'D', 'Miercoles', '2020-06-17', '07:57:09', NULL, '15:36:02', NULL),
(297, '08404484', 1, 2, 'D', 'Miercoles', '2020-06-17', '07:57:26', NULL, '17:20:39', NULL),
(298, '10866510', 1, 2, 'D', 'Miercoles', '2020-06-17', '07:57:32', NULL, '14:55:35', NULL),
(299, '07241494', 1, 2, 'D', 'Miercoles', '2020-06-17', '07:57:54', NULL, '19:28:05', NULL),
(300, '06563877', 1, 2, 'D', 'Miercoles', '2020-06-17', '07:59:05', NULL, '16:16:24', NULL),
(301, '06058629', 1, 2, 'D', 'Miercoles', '2020-06-17', '07:59:13', NULL, '16:20:00', NULL),
(302, '09582979', 1, 2, 'D', 'Miercoles', '2020-06-17', '07:59:23', NULL, '15:27:30', NULL),
(303, '06000089', 1, 2, 'D', 'Miercoles', '2020-06-17', '08:00:13', NULL, '14:25:10', NULL),
(304, '08362795', 1, 2, 'D', 'Miercoles', '2020-06-17', '08:01:22', NULL, '19:24:21', NULL),
(305, '19944586', 1, 2, 'D', 'Miercoles', '2020-06-17', '08:04:26', 'HORARIO COMPLETO', '13:06:21', '2020-06-21 01:59:56'),
(306, '09827810', 1, 2, 'D', 'Miercoles', '2020-06-17', '08:08:01', NULL, '13:09:56', NULL),
(307, '09721083', 1, 2, 'D', 'Miercoles', '2020-06-17', '08:08:42', NULL, '13:38:06', NULL),
(308, '09120859', 1, 2, 'D', 'Miercoles', '2020-06-17', '08:13:07', NULL, '15:20:48', NULL),
(309, '08362828', 1, 2, 'D', 'Miercoles', '2020-06-17', '08:17:30', NULL, '17:08:23', NULL),
(310, '16168702', 1, 2, 'D', 'Miercoles', '2020-06-17', '08:43:09', NULL, '15:51:01', NULL),
(311, '07026470', 1, 2, 'D', 'Miercoles', '2020-06-17', '08:43:13', NULL, '13:16:44', NULL),
(312, '41966159', 1, 5, 'D', 'Miercoles', '2020-06-17', '08:43:30', 'JUSTIFICACION TARDANZA MEMORANDO N°008-2020/MCV-TES-IESTP \"GLBR\"', '21:58:07', '2020-07-04 12:02:54'),
(313, '21527619', 1, 7, 'D', 'Miercoles', '2020-06-17', '08:47:30', 'Justificacion de omision por reconocimiento de la plataforma', '15:36:00', '2020-06-21 02:04:54'),
(314, '19557438', 1, 2, 'D', 'Miercoles', '2020-06-17', '08:48:01', NULL, '16:03:20', NULL),
(315, '10751082', 1, 7, 'D', 'Miercoles', '2020-06-17', '09:52:45', 'JUSTIFICACION POR OMISION DE INGRESO POR MEDIO FUT', '14:05:15', '2020-07-05 01:46:34'),
(316, '40305202', 1, 2, 'D', 'Miercoles', '2020-06-17', '10:17:16', NULL, '16:00:18', NULL),
(317, '09121894', 1, 2, 'D', 'Miercoles', '2020-06-17', '10:37:31', NULL, '22:49:23', NULL),
(318, '08086960', 1, 2, 'N', 'Miercoles', '2020-06-17', '13:58:04', NULL, '22:29:19', NULL),
(319, '21860621', 1, 2, 'N', 'Miercoles', '2020-06-17', '14:58:19', NULL, '22:23:22', NULL),
(320, '10484364', 1, 2, 'N', 'Miercoles', '2020-06-17', '15:01:53', NULL, '22:38:18', NULL),
(321, '45983867', 1, 2, 'N', 'Miercoles', '2020-06-17', '15:01:59', NULL, '22:32:44', NULL),
(322, '09136342', 1, 2, 'N', 'Miercoles', '2020-06-17', '15:03:58', NULL, '22:25:42', NULL),
(323, '06691798', 1, 2, 'N', 'Miercoles', '2020-06-17', '15:07:04', NULL, '22:35:06', NULL),
(324, '10650976', 1, 2, 'N', 'Miercoles', '2020-06-17', '15:10:22', NULL, '23:33:43', NULL),
(325, '10098289', 1, 7, 'N', 'Miercoles', '2020-06-17', '15:10:27', 'Justificacion de omision por reconocimiento de la plataforma', '22:20:00', '2020-06-21 02:03:00'),
(326, '10809045', 1, 2, 'N', 'Miercoles', '2020-06-17', '15:10:49', NULL, '23:35:19', NULL),
(327, '43279379', 1, 5, 'N', 'Miercoles', '2020-06-17', '15:11:17', 'Justificacion de omision de marcado por conocimiento de la Plataforma', '22:20:00', '2020-06-21 03:31:30'),
(328, '25619982', 1, 2, 'N', 'Miercoles', '2020-06-17', '15:14:37', NULL, '22:24:03', NULL),
(329, '09120859', 1, 2, 'N', 'Miercoles', '2020-06-17', '15:20:59', NULL, '22:34:36', NULL),
(330, '06195983', 1, 2, 'N', 'Miercoles', '2020-06-17', '15:23:34', NULL, '22:46:23', NULL),
(331, '08900576', 1, 2, 'N', 'Miercoles', '2020-06-17', '15:28:08', NULL, '22:53:32', NULL),
(332, '09541875', 1, 2, 'N', 'Miercoles', '2020-06-17', '15:42:54', NULL, '22:59:09', NULL),
(333, '16168594', 1, 2, 'N', 'Miercoles', '2020-06-17', '15:58:46', NULL, '22:23:45', NULL),
(334, '70295941', 1, 7, 'N', 'Miercoles', '2020-06-17', '16:02:39', 'Justificacion de omision por reconocimiento de la plataforma', '22:20:00', '2020-06-21 02:01:33'),
(335, '48666856', 1, 2, 'N', 'Miercoles', '2020-06-17', '16:06:02', NULL, '22:38:47', NULL),
(336, '10037324', 1, 2, 'N', 'Miercoles', '2020-06-17', '16:06:49', NULL, '22:30:55', NULL),
(337, '10338978', 1, 2, 'N', 'Miercoles', '2020-06-17', '16:08:05', NULL, '22:27:12', NULL),
(338, '44022944', 1, 2, 'N', 'Miercoles', '2020-06-17', '16:08:54', NULL, '22:27:22', NULL),
(339, '19944586', 1, 7, 'N', 'Miercoles', '2020-06-17', '16:11:28', 'Justificacion de omision por reconocimiento de la plataforma', '22:20:00', '2020-06-21 01:58:18'),
(340, '08560779', 1, 2, 'N', 'Miercoles', '2020-06-17', '16:11:34', NULL, '23:30:54', NULL),
(341, '10014826', 1, 2, 'N', 'Miercoles', '2020-06-17', '16:14:43', NULL, '22:31:20', NULL),
(342, '07611148', 1, 7, 'N', 'Miercoles', '2020-06-17', '16:16:33', 'Justificacion de omision por reconocimiento de la plataforma', '22:20:00', '2020-06-21 01:57:10'),
(343, '43924539', 1, 2, 'N', 'Miercoles', '2020-06-17', '17:07:14', NULL, '20:09:42', NULL),
(344, '09253109', 1, 2, 'N', 'Miercoles', '2020-06-17', '17:09:10', NULL, '22:29:28', NULL),
(345, '44807430', 1, 2, 'N', 'Miercoles', '2020-06-17', '17:09:10', NULL, '22:37:59', NULL),
(346, '41292845', 1, 2, 'N', 'Miercoles', '2020-06-17', '17:15:53', NULL, '22:22:50', NULL),
(347, '08806618', 1, 2, 'N', 'Miercoles', '2020-06-17', '17:17:01', NULL, '23:33:43', NULL),
(348, '08265137', 1, 2, 'N', 'Miercoles', '2020-06-17', '17:18:23', NULL, '22:33:30', NULL),
(349, '08102608', 1, 7, 'N', 'Miercoles', '2020-06-17', '17:21:28', 'Justificacion de omision por reconocimiento de la plataforma', '22:20:00', '2020-06-21 01:55:06'),
(351, '06007764', 1, 2, 'N', 'Miercoles', '2020-06-17', '18:24:16', NULL, '22:21:32', NULL),
(352, '40228607', 1, 2, 'N', 'Miercoles', '2020-06-17', '18:30:57', NULL, '22:20:53', NULL),
(353, '07569381', 1, 2, 'N', 'Miercoles', '2020-06-17', '18:32:19', NULL, '22:23:01', NULL),
(354, '10519723', 1, 2, 'N', 'Miercoles', '2020-06-17', '18:32:30', NULL, '22:37:15', NULL),
(355, '08480056', 1, 2, 'N', 'Miercoles', '2020-06-17', '18:34:37', NULL, '22:25:32', NULL),
(356, '06088867', 1, 7, 'D', 'Jueves', '2020-06-18', '08:00:04', 'Justificacion de omision de marcado por conocimiento de la Plataforma', '15:06:00', '2020-06-21 03:27:34'),
(357, '15604382', 1, 2, 'D', 'Jueves', '2020-06-18', '06:41:10', NULL, '22:15:47', NULL),
(358, '43442980', 1, 2, 'D', 'Jueves', '2020-06-18', '06:51:59', NULL, '15:16:10', NULL),
(359, '07863264', 1, 2, 'D', 'Jueves', '2020-06-18', '07:03:44', NULL, '15:18:18', NULL),
(360, '15415656', 1, 2, 'D', 'Jueves', '2020-06-18', '07:08:43', NULL, '16:30:23', NULL),
(361, '40174999', 1, 2, 'D', 'Jueves', '2020-06-18', '07:10:24', NULL, '16:05:18', NULL),
(362, '10022020', 1, 2, 'D', 'Jueves', '2020-06-18', '07:20:33', NULL, '15:21:52', NULL),
(363, '08391755', 1, 2, 'D', 'Jueves', '2020-06-18', '07:23:51', NULL, '17:47:28', NULL),
(364, '09580069', 1, 2, 'D', 'Jueves', '2020-06-18', '07:24:02', NULL, '21:42:30', NULL),
(365, '40034231', 1, 2, 'D', 'Jueves', '2020-06-18', '07:24:41', NULL, '21:22:20', NULL),
(366, '42848773', 1, 2, 'D', 'Jueves', '2020-06-18', '07:25:09', NULL, '16:39:16', NULL),
(367, '08265137', 1, 2, 'D', 'Jueves', '2020-06-18', '07:25:36', NULL, '13:45:50', NULL),
(368, '09405771', 1, 2, 'D', 'Jueves', '2020-06-18', '07:26:08', NULL, '13:51:38', NULL),
(369, '09541875', 1, 2, 'D', 'Jueves', '2020-06-18', '07:27:18', NULL, '16:19:26', NULL),
(370, '70008397', 1, 2, 'D', 'Jueves', '2020-06-18', '07:31:38', NULL, '15:04:31', NULL),
(371, '70219860', 1, 2, 'D', 'Jueves', '2020-06-18', '07:32:17', NULL, '14:20:20', NULL),
(372, '08401157', 1, 2, 'D', 'Jueves', '2020-06-18', '07:33:33', NULL, '13:17:40', NULL),
(373, '41966159', 1, 2, 'D', 'Jueves', '2020-06-18', '07:36:00', NULL, '19:07:49', NULL),
(374, '07674010', 1, 2, 'D', 'Jueves', '2020-06-18', '07:38:22', NULL, '15:37:35', NULL),
(375, '09237051', 1, 2, 'D', 'Jueves', '2020-06-18', '07:38:52', NULL, '15:30:59', NULL),
(376, '10650976', 1, 2, 'D', 'Jueves', '2020-06-18', '07:39:02', NULL, '15:11:15', NULL),
(377, '09121894', 1, 2, 'D', 'Jueves', '2020-06-18', '07:39:18', NULL, '19:11:26', NULL),
(378, '08958019', 1, 2, 'D', 'Jueves', '2020-06-18', '07:41:07', NULL, '15:23:01', NULL),
(379, '43476111', 1, 2, 'D', 'Jueves', '2020-06-18', '07:42:08', NULL, '14:05:39', NULL),
(380, '72849319', 1, 2, 'D', 'Jueves', '2020-06-18', '07:42:16', NULL, '14:18:17', NULL),
(381, '40899608', 1, 2, 'D', 'Jueves', '2020-06-18', '07:42:36', NULL, '18:08:23', NULL),
(382, '09136342', 1, 2, 'D', 'Jueves', '2020-06-18', '07:44:04', NULL, '15:20:58', NULL),
(383, '07035164', 1, 2, 'D', 'Jueves', '2020-06-18', '07:44:38', NULL, '23:16:07', NULL),
(384, '45124334', 1, 2, 'D', 'Jueves', '2020-06-18', '07:44:51', NULL, '15:05:53', NULL),
(385, '10338978', 1, 2, 'D', 'Jueves', '2020-06-18', '07:45:31', NULL, '16:41:28', NULL),
(386, '08422154', 1, 2, 'D', 'Jueves', '2020-06-18', '07:46:00', NULL, '16:42:49', NULL),
(387, '07611148', 1, 2, 'D', 'Jueves', '2020-06-18', '07:46:33', NULL, '15:05:13', NULL),
(388, '08547142', 1, 2, 'D', 'Jueves', '2020-06-18', '07:47:02', NULL, '17:01:19', NULL),
(389, '07956490', 1, 2, 'D', 'Jueves', '2020-06-18', '07:47:37', NULL, '15:01:36', NULL),
(390, '08560779', 1, 2, 'D', 'Jueves', '2020-06-18', '07:47:48', NULL, '15:38:31', NULL),
(391, '25619982', 1, 2, 'D', 'Jueves', '2020-06-18', '07:48:03', NULL, '15:26:33', NULL),
(392, '07218435', 1, 2, 'D', 'Jueves', '2020-06-18', '07:48:06', NULL, '18:17:32', NULL),
(393, '41292845', 1, 2, 'D', 'Jueves', '2020-06-18', '07:48:28', NULL, '13:12:25', NULL),
(394, '29556963', 1, 2, 'D', 'Jueves', '2020-06-18', '07:48:39', NULL, '19:23:11', NULL),
(395, '08362795', 1, 2, 'D', 'Jueves', '2020-06-18', '07:49:13', NULL, '18:03:18', NULL),
(396, '16168594', 1, 2, 'D', 'Jueves', '2020-06-18', '07:50:19', NULL, '15:04:29', NULL),
(397, '07672853', 1, 2, 'D', 'Jueves', '2020-06-18', '07:52:36', NULL, '16:21:20', NULL),
(398, '09253109', 1, 2, 'D', 'Jueves', '2020-06-18', '07:53:18', NULL, '17:33:37', NULL),
(399, '08404484', 1, 2, 'D', 'Jueves', '2020-06-18', '07:54:16', NULL, '16:57:15', NULL),
(400, '44859897', 1, 2, 'D', 'Jueves', '2020-06-18', '07:54:42', NULL, '09:47:37', NULL),
(401, '45983867', 1, 2, 'D', 'Jueves', '2020-06-18', '07:55:23', NULL, '15:27:00', NULL),
(402, '18098269', 1, 2, 'D', 'Jueves', '2020-06-18', '07:55:59', NULL, '19:06:41', NULL),
(403, '09546471', 1, 2, 'D', 'Jueves', '2020-06-18', '07:56:04', NULL, '15:30:45', NULL),
(404, '07241494', 1, 2, 'D', 'Jueves', '2020-06-18', '07:56:30', NULL, '18:00:54', NULL),
(405, '16120909', 1, 2, 'D', 'Jueves', '2020-06-18', '07:56:40', NULL, '14:46:25', NULL),
(406, '06563877', 1, 2, 'D', 'Jueves', '2020-06-18', '07:56:52', NULL, '17:02:33', NULL),
(407, '08952014', 1, 2, 'D', 'Jueves', '2020-06-18', '07:57:03', NULL, '15:03:29', NULL),
(408, '06993247', 1, 2, 'D', 'Jueves', '2020-06-18', '07:57:07', NULL, '15:03:49', NULL),
(409, '06058629', 1, 2, 'D', 'Jueves', '2020-06-18', '07:59:08', NULL, '16:17:04', NULL),
(410, '10226614', 1, 7, 'D', 'Jueves', '2020-06-18', '07:59:08', 'Justificacion de omision de marcado por conocimiento de la Plataforma', '16:30:00', '2020-06-21 03:24:36'),
(411, '09827810', 1, 2, 'D', 'Jueves', '2020-06-18', '07:59:37', NULL, '11:31:35', NULL),
(412, '41426972', 1, 2, 'D', 'Jueves', '2020-06-18', '08:00:37', NULL, '19:48:51', NULL),
(413, '10524996', 1, 2, 'D', 'Jueves', '2020-06-18', '08:06:05', NULL, '13:27:49', NULL),
(414, '08353251', 1, 2, 'D', 'Jueves', '2020-06-18', '08:06:44', NULL, '18:14:01', NULL),
(415, '06245204', 1, 7, 'D', 'Jueves', '2020-06-18', '08:22:11', 'Justificacion por omision segun MEMORANDO N° 007 – JFCYP- IESTP “GLBR”-2020.', '15:25:00', '2020-06-21 03:36:29'),
(416, '10007876', 1, 2, 'D', 'Jueves', '2020-06-18', '08:27:48', NULL, '15:11:21', NULL),
(417, '10809045', 1, 2, 'D', 'Jueves', '2020-06-18', '08:31:44', NULL, '15:08:33', NULL),
(418, '19557438', 1, 2, 'D', 'Jueves', '2020-06-18', '08:42:23', NULL, '21:24:43', NULL),
(419, '07026470', 1, 2, 'D', 'Jueves', '2020-06-18', '08:45:21', NULL, '13:16:59', NULL),
(420, '08362828', 1, 2, 'D', 'Jueves', '2020-06-18', '10:49:37', NULL, '22:38:52', NULL),
(421, '21527619', 1, 2, 'D', 'Jueves', '2020-06-18', '11:14:57', NULL, '23:09:44', NULL),
(422, '09086507', 1, 2, 'N', 'Jueves', '2020-06-18', '13:36:54', NULL, '23:32:15', NULL),
(423, '10519723', 1, 2, 'N', 'Jueves', '2020-06-18', '13:59:05', NULL, '22:34:57', NULL),
(424, '10348997', 1, 2, 'N', 'Jueves', '2020-06-18', '14:30:56', NULL, '23:02:17', NULL),
(425, '10866510', 1, 2, 'N', 'Jueves', '2020-06-18', '14:32:32', NULL, '22:35:19', NULL),
(426, '10447682', 1, 2, 'N', 'Jueves', '2020-06-18', '14:40:03', NULL, '22:05:27', NULL),
(427, '44807430', 1, 2, 'N', 'Jueves', '2020-06-18', '14:46:41', NULL, '23:27:43', NULL),
(428, '08781895', 1, 2, 'N', 'Jueves', '2020-06-18', '14:50:00', NULL, '22:27:22', NULL),
(429, '21860621', 1, 2, 'N', 'Jueves', '2020-06-18', '14:55:55', NULL, '22:30:47', NULL),
(430, '42646856', 1, 2, 'N', 'Jueves', '2020-06-18', '15:00:45', NULL, '22:36:17', NULL),
(431, '08794524', 1, 2, 'N', 'Jueves', '2020-06-18', '15:06:23', NULL, '22:22:08', NULL),
(432, '41739825', 1, 2, 'N', 'Jueves', '2020-06-18', '15:07:02', NULL, '22:22:14', NULL),
(433, '40032759', 1, 2, 'N', 'Jueves', '2020-06-18', '15:11:01', NULL, '22:25:19', NULL),
(434, '08766287', 1, 2, 'N', 'Jueves', '2020-06-18', '15:11:55', NULL, '22:27:33', NULL),
(435, '10087395', 1, 2, 'N', 'Jueves', '2020-06-18', '15:12:00', NULL, '22:21:49', NULL),
(436, '07956490', 1, 2, 'N', 'Jueves', '2020-06-18', '15:14:57', NULL, '22:25:25', NULL),
(437, '06993247', 1, 2, 'N', 'Jueves', '2020-06-18', '15:17:58', NULL, '22:24:52', NULL),
(438, '10098289', 1, 5, 'N', 'Jueves', '2020-06-18', '15:19:06', 'Justificacion de omision de marcado por conocimiento de la Plataforma', '22:20:00', '2020-06-21 03:23:26'),
(439, '06195983', 1, 2, 'N', 'Jueves', '2020-06-18', '15:20:27', NULL, '22:26:41', NULL),
(440, '07147314', 1, 7, 'N', 'Jueves', '2020-06-18', '15:23:12', 'Reconocimiento de la PLATAFORMA DE ASISTENCIA', '22:20:00', '2020-06-21 03:34:23'),
(441, '10331060', 1, 2, 'N', 'Jueves', '2020-06-18', '15:25:19', NULL, '22:21:22', NULL),
(442, '07909229', 1, 2, 'N', 'Jueves', '2020-06-18', '15:29:52', NULL, '23:49:26', NULL),
(443, '09409485', 1, 2, 'N', 'Jueves', '2020-06-18', '15:32:06', NULL, '22:21:04', NULL),
(444, '43279379', 1, 5, 'N', 'Jueves', '2020-06-18', '15:32:54', 'Justificacion de omision de marcado por conocimiento de la Plataforma', '22:20:00', '2020-06-21 03:29:51'),
(445, '06691798', 1, 2, 'N', 'Jueves', '2020-06-18', '15:38:00', NULL, '22:31:55', NULL),
(446, '21864142', 1, 2, 'N', 'Jueves', '2020-06-18', '15:45:29', NULL, '22:58:59', NULL),
(447, '70295941', 1, 2, 'N', 'Jueves', '2020-06-18', '15:50:22', NULL, '22:32:49', NULL),
(448, '08900576', 1, 2, 'N', 'Jueves', '2020-06-18', '15:52:51', NULL, '23:36:15', NULL),
(449, '40305202', 1, 2, 'N', 'Jueves', '2020-06-18', '16:01:23', NULL, '22:24:59', NULL),
(450, '40228607', 1, 2, 'N', 'Jueves', '2020-06-18', '16:01:31', NULL, '22:27:56', NULL),
(451, '16168702', 1, 2, 'N', 'Jueves', '2020-06-18', '16:05:16', NULL, '23:03:55', NULL),
(452, '48666856', 1, 2, 'N', 'Jueves', '2020-06-18', '16:06:09', NULL, '22:24:54', NULL),
(453, '10014826', 1, 2, 'N', 'Jueves', '2020-06-18', '16:13:08', NULL, '22:33:01', NULL),
(454, '44022944', 1, 2, 'N', 'Jueves', '2020-06-18', '16:16:58', NULL, '22:33:14', NULL),
(455, '10037324', 1, 2, 'N', 'Jueves', '2020-06-18', '16:18:11', NULL, '23:06:25', NULL),
(456, '10484364', 1, 5, 'N', 'Jueves', '2020-06-18', '16:23:13', 'Justificacion de omision de marcado por conocimiento de la Plataforma', '22:20:00', '2020-06-21 03:21:43'),
(457, '08102608', 1, 5, 'N', 'Jueves', '2020-06-18', '16:35:17', 'Justificacion de omision de marcado por conocimiento de la Plataforma', '22:20:00', '2020-06-21 03:19:08'),
(458, '19944586', 1, 2, 'N', 'Jueves', '2020-06-18', '16:46:15', NULL, '22:25:20', NULL),
(459, '10751082', 1, 2, 'N', 'Jueves', '2020-06-18', '16:50:28', NULL, '22:37:08', NULL),
(460, '06007764', 1, 2, 'N', 'Jueves', '2020-06-18', '17:01:07', NULL, '22:22:23', NULL),
(461, '06000089', 1, 2, 'N', 'Jueves', '2020-06-18', '17:02:21', NULL, '22:32:26', NULL),
(462, '44859897', 1, 7, 'N', 'Jueves', '2020-06-18', '17:02:34', 'Justificacion por omision enviado de Unidad Administrativa', '22:20:00', '2020-06-22 11:48:55'),
(463, '07405481', 1, 2, 'N', 'Jueves', '2020-06-18', '17:05:15', NULL, '22:23:45', NULL),
(464, '09721083', 1, 2, 'N', 'Jueves', '2020-06-18', '17:19:19', NULL, '22:41:28', NULL),
(465, '08086960', 1, 2, 'N', 'Jueves', '2020-06-18', '17:22:54', NULL, '19:31:11', NULL),
(466, '08480056', 1, 2, 'N', 'Jueves', '2020-06-18', '17:28:41', NULL, '22:36:33', NULL),
(467, '07569381', 1, 2, 'N', 'Jueves', '2020-06-18', '18:21:55', NULL, '22:29:46', NULL),
(468, '44628281', 1, 2, 'N', 'Jueves', '2020-06-18', '19:05:51', NULL, '22:26:15', NULL),
(469, '19557438', 1, 2, 'D', 'Viernes', '2020-06-19', '06:19:54', NULL, '21:55:59', NULL),
(470, '06691798', 1, 2, 'D', 'Viernes', '2020-06-19', '06:28:28', NULL, '14:31:13', NULL),
(471, '07863264', 1, 2, 'D', 'Viernes', '2020-06-19', '06:49:37', NULL, '16:00:28', NULL),
(472, '43442980', 1, 2, 'D', 'Viernes', '2020-06-19', '06:51:15', NULL, '15:35:14', NULL),
(473, '08353251', 1, 2, 'D', 'Viernes', '2020-06-19', '07:06:51', NULL, '16:26:03', NULL),
(474, '40174999', 1, 2, 'D', 'Viernes', '2020-06-19', '07:10:27', NULL, '15:26:42', NULL),
(475, '15415656', 1, 2, 'D', 'Viernes', '2020-06-19', '07:16:48', NULL, '16:44:25', NULL),
(476, '09580069', 1, 2, 'D', 'Viernes', '2020-06-19', '07:18:14', NULL, '17:15:42', NULL),
(477, '40034231', 1, 2, 'D', 'Viernes', '2020-06-19', '07:22:04', NULL, '19:03:21', NULL),
(478, '19944586', 1, 2, 'D', 'Viernes', '2020-06-19', '07:24:35', NULL, '13:14:03', NULL),
(479, '07674010', 1, 2, 'D', 'Viernes', '2020-06-19', '07:24:51', NULL, '16:13:10', NULL),
(480, '08560779', 1, 7, 'D', 'Viernes', '2020-06-19', '07:25:08', 'Justificacion por Omision de marcado y reconocimiento de la Plataforma', '15:06:00', '2020-06-22 11:43:12'),
(481, '43924539', 1, 2, 'D', 'Viernes', '2020-06-19', '07:25:25', NULL, '10:28:19', NULL),
(482, '06195983', 1, 2, 'D', 'Viernes', '2020-06-19', '07:27:01', NULL, '13:37:32', NULL),
(483, '09237051', 1, 2, 'D', 'Viernes', '2020-06-19', '07:29:24', NULL, '20:56:16', NULL),
(484, '10866510', 1, 2, 'D', 'Viernes', '2020-06-19', '07:30:05', NULL, '16:02:02', NULL),
(485, '10007876', 1, 2, 'D', 'Viernes', '2020-06-19', '07:32:09', NULL, '15:09:10', NULL),
(486, '43476111', 1, 2, 'D', 'Viernes', '2020-06-19', '07:33:24', NULL, '14:57:58', NULL),
(487, '08391755', 1, 2, 'D', 'Viernes', '2020-06-19', '07:33:41', NULL, '14:37:23', NULL),
(488, '08401157', 1, 2, 'D', 'Viernes', '2020-06-19', '07:34:10', NULL, '13:25:45', NULL),
(489, '10226614', 1, 5, 'D', 'Viernes', '2020-06-19', '07:34:38', 'Justificacion por Omision de marcado y reconocimiento de la Plataforma', '16:00:00', '2020-06-22 11:41:43'),
(490, '10524996', 1, 2, 'D', 'Viernes', '2020-06-19', '07:35:59', NULL, '14:56:49', NULL),
(491, '08766287', 1, 2, 'D', 'Viernes', '2020-06-19', '07:36:01', NULL, '16:20:43', NULL),
(492, '21864142', 1, 2, 'D', 'Viernes', '2020-06-19', '07:36:38', NULL, '15:10:13', NULL),
(493, '07909229', 1, 2, 'D', 'Viernes', '2020-06-19', '07:36:57', NULL, '17:09:45', NULL),
(494, '40305202', 1, 2, 'D', 'Viernes', '2020-06-19', '07:37:26', NULL, '15:19:04', NULL),
(495, '10348997', 1, 2, 'D', 'Viernes', '2020-06-19', '07:38:48', NULL, '16:01:11', NULL),
(496, '09541875', 1, 2, 'D', 'Viernes', '2020-06-19', '07:38:52', NULL, '19:28:20', NULL),
(497, '15604382', 1, 2, 'D', 'Viernes', '2020-06-19', '07:39:50', NULL, '20:42:53', NULL),
(498, '70008397', 1, 2, 'D', 'Viernes', '2020-06-19', '07:40:59', NULL, '15:15:19', NULL),
(499, '09136342', 1, 2, 'D', 'Viernes', '2020-06-19', '07:42:37', NULL, '15:25:20', NULL),
(500, '44807430', 1, 2, 'D', 'Viernes', '2020-06-19', '07:43:31', NULL, '15:33:10', NULL),
(501, '40899608', 1, 2, 'D', 'Viernes', '2020-06-19', '07:43:33', NULL, '23:21:30', NULL),
(502, '16168594', 1, 2, 'D', 'Viernes', '2020-06-19', '07:44:03', NULL, '16:17:21', NULL),
(503, '06245204', 1, 2, 'D', 'Viernes', '2020-06-19', '07:44:05', NULL, '16:19:23', NULL),
(504, '07218435', 1, 2, 'D', 'Viernes', '2020-06-19', '07:45:15', NULL, '18:07:52', NULL),
(505, '08422154', 1, 2, 'D', 'Viernes', '2020-06-19', '07:46:04', NULL, '19:47:48', NULL),
(506, '10338978', 1, 2, 'D', 'Viernes', '2020-06-19', '07:46:30', NULL, '14:32:13', NULL),
(507, '29556963', 1, 2, 'D', 'Viernes', '2020-06-19', '07:47:01', NULL, '17:27:57', NULL),
(508, '08547142', 1, 2, 'D', 'Viernes', '2020-06-19', '07:47:46', NULL, '16:55:28', NULL),
(509, '09086507', 1, 7, 'D', 'Viernes', '2020-06-19', '07:47:52', 'Justificacion por Omision de marcado y reconocimiento de la Plataforma', '15:27:00', '2020-06-22 11:40:31'),
(510, '45983867', 1, 2, 'D', 'Viernes', '2020-06-19', '07:48:22', NULL, '15:35:55', NULL),
(511, '45124334', 1, 2, 'D', 'Viernes', '2020-06-19', '07:48:45', NULL, '15:07:46', NULL),
(512, '08404484', 1, 2, 'D', 'Viernes', '2020-06-19', '07:48:55', NULL, '16:40:55', NULL),
(513, '44628281', 1, 2, 'D', 'Viernes', '2020-06-19', '07:49:15', NULL, '11:07:17', NULL),
(514, '08781895', 1, 2, 'D', 'Viernes', '2020-06-19', '07:50:00', NULL, '15:20:03', NULL),
(515, '08362828', 1, 2, 'D', 'Viernes', '2020-06-19', '07:50:06', NULL, '18:42:03', NULL),
(516, '42646856', 1, 2, 'D', 'Viernes', '2020-06-19', '07:50:06', NULL, '15:20:49', NULL),
(517, '07672853', 1, 2, 'D', 'Viernes', '2020-06-19', '07:50:13', NULL, '16:26:15', NULL),
(518, '07611148', 1, 5, 'D', 'Viernes', '2020-06-19', '07:51:09', 'Justificacion por Omision de marcado y reconocimiento de la Plataforma', '15:06:00', '2020-06-22 11:39:05'),
(519, '10447682', 1, 2, 'D', 'Viernes', '2020-06-19', '07:51:17', NULL, '16:04:31', NULL),
(520, '10022020', 1, 2, 'D', 'Viernes', '2020-06-19', '07:52:26', NULL, '15:48:04', NULL),
(521, '25619982', 1, 2, 'D', 'Viernes', '2020-06-19', '07:52:37', NULL, '15:40:35', NULL),
(522, '06993247', 1, 2, 'D', 'Viernes', '2020-06-19', '07:53:06', NULL, '15:03:04', NULL),
(523, '72849319', 1, 2, 'D', 'Viernes', '2020-06-19', '07:53:07', NULL, '15:51:18', NULL),
(524, '07035164', 1, 2, 'D', 'Viernes', '2020-06-19', '07:53:33', NULL, '15:28:36', NULL),
(525, '41966159', 1, 2, 'D', 'Viernes', '2020-06-19', '07:53:35', NULL, '21:38:02', NULL),
(526, '09409485', 1, 2, 'D', 'Viernes', '2020-06-19', '07:54:13', NULL, '15:02:02', NULL),
(527, '10087395', 1, 2, 'D', 'Viernes', '2020-06-19', '07:54:27', NULL, '21:36:17', NULL),
(528, '08952014', 1, 2, 'D', 'Viernes', '2020-06-19', '07:56:25', NULL, '15:01:49', NULL),
(529, '41426972', 1, 2, 'D', 'Viernes', '2020-06-19', '07:56:26', NULL, '19:34:08', NULL),
(530, '09546471', 1, 2, 'D', 'Viernes', '2020-06-19', '07:57:50', NULL, '15:16:40', NULL),
(531, '06563877', 1, 2, 'D', 'Viernes', '2020-06-19', '07:58:06', NULL, '16:22:00', NULL),
(532, '08362795', 1, 2, 'D', 'Viernes', '2020-06-19', '07:58:18', NULL, '18:55:53', NULL),
(533, '06058629', 1, 2, 'D', 'Viernes', '2020-06-19', '07:58:23', NULL, '16:16:14', NULL),
(534, '07241494', 1, 5, 'D', 'Viernes', '2020-06-19', '07:59:00', 'Justificacion por Omision de marcado y reconocimiento de la Plataforma', '16:00:00', '2020-06-22 11:37:27'),
(535, '21527619', 1, 2, 'D', 'Viernes', '2020-06-19', '08:05:04', NULL, '22:32:16', NULL),
(536, '10098289', 1, 2, 'D', 'Viernes', '2020-06-19', '08:06:10', NULL, '16:07:22', NULL),
(537, '41739825', 1, 2, 'D', 'Viernes', '2020-06-19', '08:09:22', NULL, '15:46:33', NULL),
(538, '06000089', 1, 2, 'D', 'Viernes', '2020-06-19', '08:10:03', NULL, '13:33:50', NULL),
(539, '70219860', 1, 2, 'D', 'Viernes', '2020-06-19', '08:38:20', NULL, '14:16:41', NULL),
(540, '07026470', 1, 2, 'D', 'Viernes', '2020-06-19', '08:43:04', NULL, '13:16:37', NULL),
(541, '09721083', 1, 2, 'D', 'Viernes', '2020-06-19', '08:47:25', NULL, '13:29:29', NULL),
(542, '40131252', 1, 7, 'D', 'Viernes', '2020-06-19', '09:56:34', 'Justificacion por Omision de marcado y reconocimiento de la Plataforma', '14:00:00', '2020-06-22 11:36:21'),
(543, '43924539', 1, 2, 'D', 'Viernes', '2020-06-19', '10:28:28', NULL, '18:05:00', NULL),
(544, '44628281', 1, 2, 'D', 'Viernes', '2020-06-19', '11:20:10', NULL, '12:59:59', NULL),
(545, '42848773', 1, 7, 'N', 'Viernes', '2020-06-19', '13:44:18', 'Justificacion por Omision de marcado y reconocimiento de la Plataforma', '22:20:00', '2020-06-22 11:34:52'),
(546, '09120859', 1, 7, 'N', 'Viernes', '2020-06-19', '14:06:58', 'Justificacion por Omision de marcado y reconocimiento de la Plataforma', '22:20:00', '2020-06-22 11:29:32'),
(547, '10519723', 1, 2, 'N', 'Viernes', '2020-06-19', '14:12:40', NULL, '22:35:42', NULL),
(548, '06088867', 1, 2, 'N', 'Viernes', '2020-06-19', '14:14:58', NULL, '23:24:10', NULL);
INSERT INTO `asistencia` (`ID_ASISTENCIA`, `ID_PERSONA`, `ID_SEMESTRE`, `ID_CATEGORIA_ASI`, `TURNO`, `DIA`, `ENTRADA_FECHA`, `ENTRADA_HORA`, `OBSERVACION`, `HORA_SALIDA`, `FECHA_M`) VALUES
(549, '09121894', 1, 7, 'N', 'Viernes', '2020-06-19', '14:16:48', 'Justificacion por omision de marcado de salida Referencia Correo electronico', '22:20:00', '2020-06-21 12:32:39'),
(550, '08958019', 1, 2, 'N', 'Viernes', '2020-06-19', '14:53:53', NULL, '22:30:10', NULL),
(551, '21860621', 1, 2, 'N', 'Viernes', '2020-06-19', '15:00:56', NULL, '22:25:10', NULL),
(552, '10484364', 1, 2, 'N', 'Viernes', '2020-06-19', '15:01:11', NULL, '22:29:07', NULL),
(553, '40032759', 1, 2, 'N', 'Viernes', '2020-06-19', '15:01:50', NULL, '22:25:26', NULL),
(554, '08794524', 1, 2, 'N', 'Viernes', '2020-06-19', '15:04:17', NULL, '22:22:14', NULL),
(555, '10650976', 1, 2, 'N', 'Viernes', '2020-06-19', '15:08:42', NULL, '22:25:50', NULL),
(556, '10809045', 1, 2, 'N', 'Viernes', '2020-06-19', '15:11:02', NULL, '22:26:38', NULL),
(557, '08900576', 1, 7, 'N', 'Viernes', '2020-06-19', '15:16:43', 'Justificacion por Omision de marcado y reconocimiento de la Plataforma', '22:20:00', '2020-06-22 11:27:12'),
(558, '16120909', 1, 7, 'N', 'Viernes', '2020-06-19', '15:22:53', 'JUSTIFICACION POR OMISION DE SALIDA POR MEDIO DEL FUT', '22:20:00', '2020-07-05 12:50:22'),
(559, '16168702', 1, 7, 'N', 'Viernes', '2020-06-19', '15:28:13', 'Justificacion por Omision de marcado y reconocimiento de la Plataforma', '22:20:00', '2020-06-22 11:24:24'),
(560, '07956490', 1, 2, 'N', 'Viernes', '2020-06-19', '15:31:17', NULL, '22:24:33', NULL),
(561, '07147314', 1, 2, 'N', 'Viernes', '2020-06-19', '15:39:21', NULL, '22:21:40', NULL),
(562, '10037324', 1, 2, 'N', 'Viernes', '2020-06-19', '16:03:57', NULL, '22:46:51', NULL),
(563, '44022944', 1, 7, 'N', 'Viernes', '2020-06-19', '16:07:18', 'Justificacion por Omision de marcado y reconocimiento de la Plataforma', '22:20:00', '2020-06-22 11:23:04'),
(564, '48666856', 1, 2, 'N', 'Viernes', '2020-06-19', '16:08:40', NULL, '22:21:46', NULL),
(565, '09405771', 1, 2, 'N', 'Viernes', '2020-06-19', '16:13:38', NULL, '22:45:47', NULL),
(566, '10014826', 1, 2, 'N', 'Viernes', '2020-06-19', '16:14:28', NULL, '22:22:18', NULL),
(567, '40228607', 1, 2, 'N', 'Viernes', '2020-06-19', '16:24:43', NULL, '22:34:50', NULL),
(568, '43279379', 1, 7, 'N', 'Viernes', '2020-06-19', '16:43:24', 'Justificacion por Omision de marcado y reconocimiento de la Plataforma', '22:20:00', '2020-06-22 11:22:02'),
(569, '08102608', 1, 2, 'N', 'Viernes', '2020-06-19', '16:43:44', NULL, '22:24:22', NULL),
(570, '70295941', 1, 2, 'N', 'Viernes', '2020-06-19', '16:49:09', NULL, '22:35:37', NULL),
(571, '08806618', 1, 7, 'N', 'Viernes', '2020-06-19', '16:50:34', 'Justificacion por Omision de marcado y reconocimiento de la Plataforma', '22:20:00', '2020-06-22 11:19:27'),
(572, '08265137', 1, 2, 'N', 'Viernes', '2020-06-19', '16:59:25', NULL, '22:49:36', NULL),
(573, '06007764', 1, 2, 'N', 'Viernes', '2020-06-19', '17:03:15', NULL, '22:21:17', NULL),
(574, '07405481', 1, 2, 'N', 'Viernes', '2020-06-19', '17:06:13', NULL, '22:31:10', NULL),
(575, '07569381', 1, 2, 'N', 'Viernes', '2020-06-19', '17:17:26', NULL, '22:28:14', NULL),
(576, '10751082', 1, 2, 'N', 'Viernes', '2020-06-19', '17:20:40', NULL, '22:39:09', NULL),
(577, '09682926', 1, 2, 'N', 'Viernes', '2020-06-19', '17:40:07', NULL, '22:38:05', NULL),
(578, '10331060', 1, 2, 'N', 'Viernes', '2020-06-19', '19:12:59', NULL, '22:26:34', NULL),
(579, '09582979', 1, 5, 'N', 'Viernes', '2020-06-19', '19:21:11', 'Justificacion por reconocimiento de la Plataforma', '22:20:00', '2020-06-22 11:16:53'),
(580, '09253109', 1, 2, 'N', 'Viernes', '2020-06-19', '21:02:34', NULL, '22:22:16', NULL),
(582, '40034231', 1, 2, 'D', 'Sabado', '2020-06-20', '07:23:36', 'Jornada completa', '19:14:17', '2020-06-25 08:15:44'),
(583, '08781895', 1, 2, 'D', 'Sabado', '2020-06-20', '09:28:36', NULL, '15:31:46', NULL),
(585, '43442980', 1, 2, 'D', 'Lunes', '2020-06-22', '06:56:51', NULL, '15:46:30', NULL),
(586, '15604382', 1, 7, 'D', 'Lunes', '2020-06-22', '07:05:53', 'JUSTIFICACION DE OMISION DE SALIDA SEGUN MEMORANDO MULTIPLE N°024-2020-JAMA-IESTP\"GLBR\"', '00:00:00', '2020-07-04 11:41:47'),
(587, '06088867', 1, 2, 'D', 'Lunes', '2020-06-22', '07:06:35', NULL, '15:12:39', NULL),
(588, '40032759', 1, 2, 'D', 'Lunes', '2020-06-22', '07:06:41', NULL, '15:00:05', NULL),
(589, '07863264', 1, 2, 'D', 'Lunes', '2020-06-22', '07:14:05', NULL, '16:38:26', NULL),
(590, '09121894', 1, 2, 'D', 'Lunes', '2020-06-22', '07:20:12', NULL, '22:51:41', NULL),
(591, '40034231', 1, 2, 'D', 'Lunes', '2020-06-22', '07:23:07', NULL, '21:13:44', NULL),
(592, '10524996', 1, 2, 'D', 'Lunes', '2020-06-22', '07:23:21', NULL, '14:43:46', NULL),
(593, '07147314', 1, 8, 'D', 'Lunes', '2020-06-22', '07:23:59', '41 MINUTOS DE INCUMPLIMIENTO DE HORAS DE PERMANENCIA ', '14:25:02', '2020-06-26 07:35:33'),
(594, '40899608', 1, 2, 'D', 'Lunes', '2020-06-22', '07:27:25', NULL, '19:58:39', NULL),
(595, '09237051', 1, 2, 'D', 'Lunes', '2020-06-22', '07:28:17', NULL, '17:30:36', NULL),
(596, '70219860', 1, 2, 'D', 'Lunes', '2020-06-22', '07:30:58', NULL, '14:12:39', NULL),
(597, '43476111', 1, 2, 'D', 'Lunes', '2020-06-22', '07:31:15', NULL, '14:03:16', NULL),
(598, '10751082', 1, 2, 'D', 'Lunes', '2020-06-22', '07:33:15', NULL, '13:30:14', NULL),
(599, '10007876', 1, 2, 'D', 'Lunes', '2020-06-22', '07:33:41', NULL, '15:09:14', NULL),
(600, '08401157', 1, 2, 'D', 'Lunes', '2020-06-22', '07:33:50', NULL, '13:18:06', NULL),
(601, '08391755', 1, 2, 'D', 'Lunes', '2020-06-22', '07:35:41', NULL, '15:28:24', NULL),
(602, '70008397', 1, 2, 'D', 'Lunes', '2020-06-22', '07:36:43', NULL, '14:06:41', NULL),
(603, '40174999', 1, 2, 'D', 'Lunes', '2020-06-22', '07:37:08', NULL, '20:01:33', NULL),
(604, '15415656', 1, 2, 'D', 'Lunes', '2020-06-22', '07:37:32', NULL, '17:07:27', NULL),
(605, '44807430', 1, 2, 'D', 'Lunes', '2020-06-22', '07:41:28', NULL, '15:31:28', NULL),
(606, '40305202', 1, 2, 'D', 'Lunes', '2020-06-22', '07:42:28', NULL, '17:53:34', NULL),
(607, '07672853', 1, 2, 'D', 'Lunes', '2020-06-22', '07:42:41', NULL, '16:21:01', NULL),
(608, '08422154', 1, 2, 'D', 'Lunes', '2020-06-22', '07:43:06', NULL, '16:56:20', NULL),
(609, '45124334', 1, 2, 'D', 'Lunes', '2020-06-22', '07:43:34', NULL, '15:08:56', NULL),
(610, '09582979', 1, 2, 'D', 'Lunes', '2020-06-22', '07:44:29', NULL, '15:26:08', NULL),
(611, '10650976', 1, 2, 'D', 'Lunes', '2020-06-22', '07:45:13', NULL, '15:09:26', NULL),
(612, '08794524', 1, 2, 'D', 'Lunes', '2020-06-22', '07:45:24', NULL, '15:11:14', NULL),
(613, '08958019', 1, 2, 'D', 'Lunes', '2020-06-22', '07:45:51', NULL, '15:41:59', NULL),
(614, '10348997', 1, 2, 'D', 'Lunes', '2020-06-22', '07:47:33', NULL, '16:07:36', NULL),
(615, '09580069', 1, 2, 'D', 'Lunes', '2020-06-22', '07:47:56', NULL, '22:36:22', NULL),
(616, '09409485', 1, 2, 'D', 'Lunes', '2020-06-22', '07:48:24', NULL, '15:10:11', NULL),
(617, '29556963', 1, 7, 'D', 'Lunes', '2020-06-22', '07:49:48', 'JUSTIFICACION POR OMISION DE MARCADO DE SALIDA POR MEDIO DEL FUT', '00:00:00', '2020-07-05 12:43:40'),
(618, '08781895', 1, 2, 'D', 'Lunes', '2020-06-22', '07:50:15', NULL, '15:20:00', NULL),
(619, '72849319', 1, 2, 'D', 'Lunes', '2020-06-22', '07:51:38', NULL, '14:21:57', NULL),
(620, '10022020', 1, 2, 'D', 'Lunes', '2020-06-22', '07:51:51', NULL, '14:06:27', NULL),
(621, '45983867', 1, 2, 'D', 'Lunes', '2020-06-22', '07:51:53', NULL, '15:27:30', NULL),
(622, '06245204', 1, 2, 'D', 'Lunes', '2020-06-22', '07:52:22', NULL, '16:31:45', NULL),
(623, '41966159', 1, 2, 'D', 'Lunes', '2020-06-22', '07:52:54', NULL, '21:39:35', NULL),
(624, '07405481', 1, 2, 'D', 'Lunes', '2020-06-22', '07:53:20', NULL, '13:10:54', NULL),
(625, '09546471', 1, 2, 'D', 'Lunes', '2020-06-22', '07:55:02', NULL, '15:20:54', NULL),
(626, '08547142', 1, 2, 'D', 'Lunes', '2020-06-22', '07:55:04', NULL, '21:20:32', NULL),
(627, '07611148', 1, 2, 'D', 'Lunes', '2020-06-22', '07:57:22', NULL, '15:13:30', NULL),
(628, '08404484', 1, 2, 'D', 'Lunes', '2020-06-22', '07:57:24', NULL, '17:02:07', NULL),
(629, '08952014', 1, 2, 'D', 'Lunes', '2020-06-22', '07:58:03', NULL, '15:09:01', NULL),
(630, '43279379', 1, 2, 'D', 'Lunes', '2020-06-22', '07:58:25', NULL, '18:28:26', NULL),
(631, '07218435', 1, 2, 'D', 'Lunes', '2020-06-22', '07:58:35', NULL, '17:50:47', NULL),
(632, '18098269', 1, 2, 'D', 'Lunes', '2020-06-22', '08:00:04', NULL, '17:56:31', NULL),
(633, '06058629', 1, 2, 'D', 'Lunes', '2020-06-22', '08:01:01', NULL, '16:18:04', NULL),
(634, '41426972', 1, 2, 'D', 'Lunes', '2020-06-22', '08:02:43', NULL, '19:17:55', NULL),
(635, '06563877', 1, 2, 'D', 'Lunes', '2020-06-22', '08:03:14', NULL, '16:16:17', NULL),
(636, '10226614', 1, 2, 'D', 'Lunes', '2020-06-22', '08:03:52', NULL, '20:45:46', NULL),
(637, '08353251', 1, 2, 'D', 'Lunes', '2020-06-22', '08:04:33', NULL, '16:29:19', NULL),
(638, '41292845', 1, 2, 'D', 'Lunes', '2020-06-22', '08:05:46', NULL, '13:12:31', NULL),
(639, '07674010', 1, 2, 'D', 'Lunes', '2020-06-22', '08:07:01', NULL, '20:16:53', NULL),
(640, '10809045', 1, 3, 'D', 'Lunes', '2020-06-22', '08:13:02', 'TARDANZA 13 MINUTOS', '15:13:56', '2020-06-30 06:32:07'),
(641, '06993247', 1, 3, 'D', 'Lunes', '2020-06-22', '08:16:30', 'TARDANZA DE 16 MINUTOS', '15:18:04', '2020-07-01 09:39:44'),
(642, '08362795', 1, 3, 'D', 'Lunes', '2020-06-22', '08:28:04', 'TARDANZA DE 28 MINUTOS', '16:15:38', '2020-06-26 07:38:04'),
(643, '09827810', 1, 2, 'D', 'Lunes', '2020-06-22', '08:47:30', NULL, '13:17:48', NULL),
(644, '07026470', 1, 2, 'D', 'Lunes', '2020-06-22', '08:47:41', NULL, '13:16:11', NULL),
(645, '10098289', 1, 3, 'D', 'Lunes', '2020-06-22', '09:33:50', 'TARDANZA DE 93 MINUTOS', '17:54:54', '2020-06-30 06:37:57'),
(646, '08362828', 1, 2, 'D', 'Lunes', '2020-06-22', '10:04:38', NULL, '22:26:51', NULL),
(647, '21527619', 1, 4, 'N', 'Lunes', '2020-06-22', '13:57:32', 'NRS = NO REGISTRA SALIDA', '00:00:00', '2020-06-26 11:02:14'),
(648, '41739825', 1, 7, 'N', 'Lunes', '2020-06-22', '14:07:20', 'JUSTIFICACION POR OMISION DE SALIDA MEMORANDO MULTIPLE Nº 01 -2020-IESTP”GLBR”-AAHO ', '00:00:00', '2020-07-05 01:13:45'),
(649, '10519723', 1, 2, 'N', 'Lunes', '2020-06-22', '14:14:36', NULL, '22:39:32', NULL),
(650, '10331060', 1, 2, 'N', 'Lunes', '2020-06-22', '14:21:51', NULL, '22:21:57', NULL),
(651, '09120859', 1, 2, 'N', 'Lunes', '2020-06-22', '14:24:39', NULL, '22:38:48', NULL),
(652, '10866510', 1, 2, 'N', 'Lunes', '2020-06-22', '14:31:27', NULL, '22:54:23', NULL),
(653, '42848773', 1, 2, 'N', 'Lunes', '2020-06-22', '14:33:09', NULL, '22:25:24', NULL),
(654, '10447682', 1, 7, 'N', 'Lunes', '2020-06-22', '14:37:56', 'JUSTIFICACION POR OMISION DE SALIDA POR MEDIO FUT', '00:00:00', '2020-07-05 01:30:16'),
(655, '07035164', 1, 7, 'N', 'Lunes', '2020-06-22', '14:46:04', 'JUSTIFICACION DE OMISION DE SALIDA MEMORANDO Nº0034-JAACI-MBMCH-IESTP”GLBR” ', '00:00:00', '2020-07-05 01:38:07'),
(656, '42646856', 1, 2, 'N', 'Lunes', '2020-06-22', '15:01:14', NULL, '22:26:48', NULL),
(657, '25619982', 1, 7, 'N', 'Lunes', '2020-06-22', '15:07:24', 'JUSTIFICACION POR OMISION DE SALIDA POR MEDIO FUT', '00:00:00', '2020-07-05 02:00:39'),
(658, '10087395', 1, 2, 'N', 'Lunes', '2020-06-22', '15:14:53', NULL, '22:22:51', NULL),
(659, '08560779', 1, 2, 'N', 'Lunes', '2020-06-22', '15:16:34', NULL, '23:18:15', NULL),
(660, '21860621', 1, 2, 'N', 'Lunes', '2020-06-22', '15:18:44', NULL, '22:29:14', NULL),
(661, '07909229', 1, 2, 'N', 'Lunes', '2020-06-22', '15:21:39', NULL, '23:07:24', NULL),
(662, '10338978', 1, 2, 'N', 'Lunes', '2020-06-22', '15:25:43', NULL, '22:26:07', NULL),
(663, '16120909', 1, 3, 'N', 'Lunes', '2020-06-22', '15:40:28', 'TARDANZA DE 17 MINUTOS', '22:20:34', '2020-06-30 07:09:05'),
(664, '07956490', 1, 3, 'N', 'Lunes', '2020-06-22', '15:51:42', 'TARDANZA DE 25 MINUTOS', '22:20:20', '2020-06-30 06:24:35'),
(665, '21864142', 1, 3, 'N', 'Lunes', '2020-06-22', '15:55:08', 'TARDANZA DE 41 MINUTOS', '22:54:58', '2020-06-26 11:31:40'),
(666, '44022944', 1, 2, 'N', 'Lunes', '2020-06-22', '16:07:57', NULL, '22:40:12', NULL),
(667, '08086960', 1, 4, 'N', 'Lunes', '2020-06-22', '16:08:13', 'NRS = NO REGISTRA SALIDA', '00:00:00', '2020-06-26 11:36:33'),
(668, '10037324', 1, 2, 'N', 'Lunes', '2020-06-22', '16:08:51', NULL, '23:27:50', NULL),
(669, '48666856', 1, 2, 'N', 'Lunes', '2020-06-22', '16:10:59', NULL, '22:39:48', NULL),
(670, '10014826', 1, 2, 'N', 'Lunes', '2020-06-22', '16:11:00', NULL, '22:45:24', NULL),
(671, '09136342', 1, 3, 'N', 'Lunes', '2020-06-22', '16:13:16', 'TARDANZA 59 MINUTOS', '22:27:00', '2020-06-26 07:23:37'),
(672, '16168594', 1, 3, 'N', 'Lunes', '2020-06-22', '16:14:13', 'TARDANZA DE 54 MINUTOS', '22:23:46', '2020-07-01 09:44:50'),
(673, '08766287', 1, 3, 'N', 'Lunes', '2020-06-22', '16:29:27', 'TARDANZA DE 63 MINUTOS', '22:28:44', '2020-06-26 11:43:51'),
(674, '10718367', 1, 2, 'N', 'Lunes', '2020-06-22', '16:29:59', NULL, '22:39:57', NULL),
(675, '08900576', 1, 4, 'N', 'Lunes', '2020-06-22', '16:30:19', 'NRS = NO REGISTRA SALIDA', '00:00:00', '2020-06-30 06:43:26'),
(676, '10484364', 1, 2, 'N', 'Lunes', '2020-06-22', '16:32:03', NULL, '22:31:08', NULL),
(677, '08265137', 1, 2, 'N', 'Lunes', '2020-06-22', '16:36:15', NULL, '22:39:46', NULL),
(678, '70295941', 1, 2, 'N', 'Lunes', '2020-06-22', '16:40:19', NULL, '22:23:51', NULL),
(679, '19944586', 1, 2, 'N', 'Lunes', '2020-06-22', '16:55:10', NULL, '22:31:36', NULL),
(680, '41292845', 1, 2, 'N', 'Lunes', '2020-06-22', '16:58:38', NULL, '23:26:19', NULL),
(681, '06007764', 1, 2, 'N', 'Lunes', '2020-06-22', '17:02:14', NULL, '22:22:04', NULL),
(682, '08806618', 1, 2, 'N', 'Lunes', '2020-06-22', '17:02:53', NULL, '22:21:53', NULL),
(683, '07569381', 1, 6, 'N', 'Lunes', '2020-06-22', '17:14:50', 'LEY N°30512', '22:33:40', '2020-07-02 09:35:10'),
(684, '09721083', 1, 2, 'N', 'Lunes', '2020-06-22', '17:17:42', NULL, '22:42:04', NULL),
(685, '09405771', 1, 3, 'N', 'Lunes', '2020-06-22', '17:23:00', 'TARDANZA 15 MINUTOS', '22:26:44', '2020-06-25 07:33:10'),
(686, '08480056', 1, 7, 'N', 'Lunes', '2020-06-22', '17:33:42', 'JUSTIFICACION POR OMISION DE SALIDA', '00:00:00', '2020-07-03 10:12:24'),
(687, '44628281', 1, 2, 'N', 'Lunes', '2020-06-22', '17:35:59', NULL, '22:23:14', NULL),
(688, '09682926', 1, 7, 'N', 'Lunes', '2020-06-22', '17:40:29', 'JUSTIFICACION POR OMISION DE SALIDA POR MEDIO FUT', '00:00:00', '2020-07-05 01:21:56'),
(689, '08102608', 1, 5, 'N', 'Lunes', '2020-06-22', '17:41:45', 'JUSTIFICACION DE MARCACION DE SALIDA POR MEDIO FUT', '00:00:00', '2020-07-05 01:19:12'),
(690, '40228607', 1, 4, 'N', 'Lunes', '2020-06-22', '17:50:07', 'NRS = NO REGISTRA SALIDA', '00:00:00', '2020-07-01 10:30:33'),
(691, '09253109', 1, 2, 'N', 'Lunes', '2020-06-22', '18:16:07', NULL, '23:17:59', NULL),
(692, '06000089', 1, 2, 'N', 'Lunes', '2020-06-22', '17:00:26', '.', '22:22:20', '2020-06-25 07:22:07'),
(693, '06195983', 1, 7, 'N', 'Lunes', '2020-06-22', '20:07:47', 'JUSTIFICACION DE TARDANZA (FUT Y CORREO DEL ADMIN)', '22:22:41', '2020-07-04 11:53:25'),
(698, '15604382', 1, 2, 'D', 'Martes', '2020-06-23', '05:56:42', NULL, '23:09:25', NULL),
(699, '43442980', 1, 4, 'D', 'Martes', '2020-06-23', '06:40:27', NULL, NULL, NULL),
(700, '07863264', 1, 2, 'D', 'Martes', '2020-06-23', '06:56:30', NULL, '16:04:57', NULL),
(701, '15415656', 1, 2, 'D', 'Martes', '2020-06-23', '07:05:00', NULL, '16:21:31', NULL),
(702, '70008397', 1, 2, 'D', 'Martes', '2020-06-23', '07:13:50', NULL, '14:36:32', NULL),
(703, '06195983', 1, 2, 'D', 'Martes', '2020-06-23', '07:15:09', NULL, '13:19:03', NULL),
(704, '08794524', 1, 2, 'D', 'Martes', '2020-06-23', '07:21:44', NULL, '15:07:52', NULL),
(705, '19944586', 1, 2, 'D', 'Martes', '2020-06-23', '07:29:13', NULL, '14:46:26', NULL),
(706, '09237051', 1, 2, 'D', 'Martes', '2020-06-23', '07:29:50', NULL, '21:28:24', NULL),
(707, '10007876', 1, 2, 'D', 'Martes', '2020-06-23', '07:30:42', NULL, '15:12:54', NULL),
(708, '43476111', 1, 2, 'D', 'Martes', '2020-06-23', '07:31:10', NULL, '14:05:43', NULL),
(709, '07909229', 1, 2, 'D', 'Martes', '2020-06-23', '07:31:34', NULL, '15:54:02', NULL),
(710, '10022020', 1, 7, 'D', 'Martes', '2020-06-23', '07:31:55', 'JUSTIFICACION DE OMISION', '00:00:00', '2020-07-03 09:31:45'),
(711, '08391755', 1, 2, 'D', 'Martes', '2020-06-23', '07:32:00', NULL, '14:38:27', NULL),
(712, '70219860', 1, 2, 'D', 'Martes', '2020-06-23', '07:33:13', NULL, '14:22:53', NULL),
(713, '43924539', 1, 2, 'D', 'Martes', '2020-06-23', '07:34:21', NULL, '11:56:52', NULL),
(714, '40174999', 1, 2, 'D', 'Martes', '2020-06-23', '07:35:12', NULL, '15:26:20', NULL),
(715, '08958019', 1, 2, 'D', 'Martes', '2020-06-23', '07:35:17', NULL, '16:40:40', NULL),
(716, '40034231', 1, 2, 'D', 'Martes', '2020-06-23', '07:35:43', NULL, '18:49:01', NULL),
(717, '08401157', 1, 2, 'D', 'Martes', '2020-06-23', '07:36:13', NULL, '13:47:40', NULL),
(718, '08422154', 1, 2, 'D', 'Martes', '2020-06-23', '07:38:23', NULL, '16:28:09', NULL),
(719, '08265137', 1, 2, 'D', 'Martes', '2020-06-23', '07:38:38', NULL, '15:46:41', NULL),
(720, '09580069', 1, 2, 'D', 'Martes', '2020-06-23', '07:39:13', NULL, '19:35:45', NULL),
(721, '09541875', 1, 2, 'D', 'Martes', '2020-06-23', '07:39:34', NULL, '16:06:58', NULL),
(722, '10524996', 1, 2, 'D', 'Martes', '2020-06-23', '07:40:00', NULL, '18:47:43', NULL),
(723, '10226614', 1, 2, 'D', 'Martes', '2020-06-23', '07:40:04', NULL, '19:59:27', NULL),
(724, '41966159', 1, 7, 'D', 'Martes', '2020-06-23', '07:41:12', 'JUSTIFICADO POR MEMORANDO N°009-2020/MCV-TES-IESTP-GLBR', '00:00:00', '2020-07-03 08:59:34'),
(725, '10015145', 1, 4, 'D', 'Martes', '2020-06-23', '07:41:21', 'NRS = NO REGISTRA SALIDA', '00:00:00', '2020-07-01 10:08:34'),
(726, '08353251', 1, 2, 'D', 'Martes', '2020-06-23', '07:42:01', NULL, '16:36:34', NULL),
(727, '09120859', 1, 2, 'D', 'Martes', '2020-06-23', '07:42:05', NULL, '16:16:49', NULL),
(728, '29556963', 1, 2, 'D', 'Martes', '2020-06-23', '07:42:19', NULL, '17:29:46', NULL),
(729, '44807430', 1, 2, 'D', 'Martes', '2020-06-23', '07:42:42', NULL, '20:09:22', NULL),
(730, '08547142', 1, 2, 'D', 'Martes', '2020-06-23', '07:45:31', NULL, '16:57:47', NULL),
(731, '07672853', 1, 2, 'D', 'Martes', '2020-06-23', '07:45:54', NULL, '17:34:14', NULL),
(732, '45124334', 1, 2, 'D', 'Martes', '2020-06-23', '07:46:11', NULL, '15:06:55', NULL),
(733, '07147314', 1, 2, 'D', 'Martes', '2020-06-23', '07:47:15', NULL, '15:10:04', NULL),
(734, '10338978', 1, 2, 'D', 'Martes', '2020-06-23', '07:47:40', NULL, '15:15:43', NULL),
(735, '41292845', 1, 2, 'D', 'Martes', '2020-06-23', '07:47:49', NULL, '13:12:06', NULL),
(736, '10447682', 1, 2, 'D', 'Martes', '2020-06-23', '07:49:18', NULL, '15:46:11', NULL),
(737, '07611148', 1, 2, 'D', 'Martes', '2020-06-23', '07:51:00', NULL, '15:21:54', NULL),
(738, '07674010', 1, 2, 'D', 'Martes', '2020-06-23', '07:51:24', NULL, '19:32:21', NULL),
(739, '08560779', 1, 2, 'D', 'Martes', '2020-06-23', '07:51:31', NULL, '15:29:23', NULL),
(740, '10718367', 1, 2, 'D', 'Martes', '2020-06-23', '07:51:48', NULL, '19:24:48', NULL),
(741, '09136342', 1, 2, 'D', 'Martes', '2020-06-23', '07:52:14', NULL, '15:23:13', NULL),
(742, '07405481', 1, 2, 'D', 'Martes', '2020-06-23', '07:52:15', NULL, '13:19:41', NULL),
(743, '10098289', 1, 2, 'D', 'Martes', '2020-06-23', '07:52:42', NULL, '17:22:04', NULL),
(744, '08362795', 1, 2, 'D', 'Martes', '2020-06-23', '07:52:45', NULL, '16:17:48', NULL),
(745, '10087395', 1, 2, 'D', 'Martes', '2020-06-23', '07:53:02', NULL, '15:03:58', NULL),
(746, '07218435', 1, 2, 'D', 'Martes', '2020-06-23', '07:53:18', NULL, '17:58:27', NULL),
(747, '08766287', 1, 2, 'D', 'Martes', '2020-06-23', '07:55:15', NULL, '15:11:47', NULL),
(748, '44628281', 1, 4, 'D', 'Martes', '2020-06-23', '07:56:05', 'NRS = NO REGISTRA SALIDA', '00:00:00', '2020-07-01 10:12:32'),
(749, '41426972', 1, 2, 'D', 'Martes', '2020-06-23', '07:56:21', NULL, '22:41:40', NULL),
(750, '06245204', 1, 2, 'D', 'Martes', '2020-06-23', '07:56:46', NULL, '17:10:27', NULL),
(751, '06563877', 1, 2, 'D', 'Martes', '2020-06-23', '07:56:49', NULL, '16:17:45', NULL),
(752, '16120909', 1, 2, 'D', 'Martes', '2020-06-23', '07:57:01', NULL, '15:13:12', NULL),
(753, '08362828', 1, 2, 'D', 'Martes', '2020-06-23', '07:57:16', NULL, '19:59:01', NULL),
(754, '06058629', 1, 2, 'D', 'Martes', '2020-06-23', '07:58:17', NULL, '16:19:03', NULL),
(755, '09827810', 1, 2, 'D', 'Martes', '2020-06-23', '07:58:26', NULL, '14:02:11', NULL),
(756, '18098269', 1, 2, 'D', 'Martes', '2020-06-23', '08:00:04', NULL, '18:30:55', NULL),
(757, '09682926', 1, 2, 'D', 'Martes', '2020-06-23', '08:02:44', NULL, '13:15:31', NULL),
(758, '72849319', 1, 2, 'D', 'Martes', '2020-06-23', '08:04:42', NULL, '14:18:40', NULL),
(759, '08952014', 1, 2, 'D', 'Martes', '2020-06-23', '08:05:13', NULL, '15:03:25', NULL),
(760, '21864142', 1, 2, 'D', 'Martes', '2020-06-23', '08:08:01', NULL, '15:28:17', NULL),
(761, '10650976', 1, 3, 'D', 'Martes', '2020-06-23', '08:26:42', 'TARDANZA DE 26 MINUTOS', '15:31:12', '2020-07-01 10:17:20'),
(762, '40899608', 1, 3, 'D', 'Martes', '2020-06-23', '08:31:16', 'TARDANZA DE 31 MINUTOS', '19:30:46', '2020-07-01 10:28:03'),
(763, '07241494', 1, 2, 'D', 'Martes', '2020-06-23', '08:35:12', NULL, '19:04:36', NULL),
(764, '09721083', 1, 4, 'D', 'Martes', '2020-06-23', '08:35:58', 'NRS = NO REGISTRA SALIDA', '00:00:00', '2020-06-30 06:39:50'),
(765, '16168702', 1, 3, 'D', 'Martes', '2020-06-23', '08:40:37', 'TARDANZA 40 MINUTOS', '16:02:21', '2020-06-26 10:42:20'),
(766, '07026470', 1, 2, 'D', 'Martes', '2020-06-23', '08:40:37', NULL, '13:53:19', NULL),
(767, '21527619', 1, 4, 'D', 'Martes', '2020-06-23', '11:25:45', 'NRS = NO REGISTRA SALIDA', '00:00:00', '2020-06-26 11:02:36'),
(768, '06088867', 1, 2, 'N', 'Martes', '2020-06-23', '14:06:09', NULL, '23:33:08', NULL),
(769, '10519723', 1, 2, 'N', 'Martes', '2020-06-23', '14:20:18', NULL, '22:38:07', NULL),
(770, '10331060', 1, 2, 'N', 'Martes', '2020-06-23', '14:20:34', NULL, '22:26:01', NULL),
(771, '09086507', 1, 2, 'N', 'Martes', '2020-06-23', '14:20:47', NULL, '22:44:39', NULL),
(772, '10866510', 1, 2, 'N', 'Martes', '2020-06-23', '14:30:48', NULL, '22:20:05', NULL),
(773, '10348997', 1, 2, 'N', 'Martes', '2020-06-23', '14:31:05', NULL, '22:29:54', NULL),
(774, '40305202', 1, 7, 'N', 'Martes', '2020-06-23', '14:31:09', 'JUSTIFICACION POR OMISION (fut y correo)', '00:00:00', '2020-07-03 08:41:54'),
(775, '08900576', 1, 2, 'N', 'Martes', '2020-06-23', '14:56:18', NULL, '23:50:31', NULL),
(776, '41739825', 1, 2, 'N', 'Martes', '2020-06-23', '15:00:27', NULL, '22:21:04', NULL),
(777, '42646856', 1, 2, 'N', 'Martes', '2020-06-23', '15:00:49', NULL, '22:29:29', NULL),
(778, '10484364', 1, 7, 'N', 'Martes', '2020-06-23', '15:01:14', 'JUSTIFICACION DE MARCADO SALIDA POR FUT', '00:00:00', '2020-07-04 12:21:29'),
(779, '45983867', 1, 2, 'N', 'Martes', '2020-06-23', '15:02:06', NULL, '22:30:59', NULL),
(780, '40032759', 1, 2, 'N', 'Martes', '2020-06-23', '15:02:26', NULL, '22:25:22', NULL),
(781, '42848773', 1, 2, 'N', 'Martes', '2020-06-23', '15:03:22', NULL, '22:29:57', NULL),
(782, '21860621', 1, 2, 'N', 'Martes', '2020-06-23', '15:06:38', NULL, '22:23:45', NULL),
(783, '25619982', 1, 2, 'N', 'Martes', '2020-06-23', '15:07:12', NULL, '22:27:33', NULL),
(784, '08781895', 1, 2, 'N', 'Martes', '2020-06-23', '15:10:45', NULL, '22:20:04', NULL),
(785, '08404484', 1, 4, 'N', 'Martes', '2020-06-23', '15:13:28', 'NRI = NO REGISTRA INGRESO', '00:00:00', '2020-06-26 07:42:54'),
(786, '06691798', 1, 2, 'N', 'Martes', '2020-06-23', '15:19:27', NULL, '22:49:16', NULL),
(787, '16168594', 1, 2, 'N', 'Martes', '2020-06-23', '15:20:31', NULL, '22:22:03', NULL),
(788, '09409485', 1, 2, 'N', 'Martes', '2020-06-23', '15:32:48', NULL, '22:22:02', NULL),
(789, '40228607', 1, 2, 'N', 'Martes', '2020-06-23', '15:48:01', NULL, '23:10:05', NULL),
(790, '48666856', 1, 2, 'N', 'Martes', '2020-06-23', '15:53:26', NULL, '22:25:31', NULL),
(791, '10037324', 1, 2, 'N', 'Martes', '2020-06-23', '15:56:18', NULL, '22:36:40', NULL),
(792, '70295941', 1, 2, 'N', 'Martes', '2020-06-23', '16:00:42', NULL, '22:25:28', NULL),
(793, '10809045', 1, 3, 'N', 'Martes', '2020-06-23', '16:08:44', 'TARDANZA DE 51 MINUTOS', '22:23:03', '2020-06-30 06:32:53'),
(794, '44022944', 1, 2, 'N', 'Martes', '2020-06-23', '16:12:47', NULL, '22:47:32', NULL),
(795, '10014826', 1, 4, 'N', 'Martes', '2020-06-23', '16:15:15', 'NRS = NO REGISTRA SALIDA', '00:00:00', '2020-07-01 10:34:42'),
(796, '08086960', 1, 2, 'N', 'Martes', '2020-06-23', '16:22:20', 'INGRESO JUSTIFICADO POR PROBLEMAS DE RED', '22:41:29', '2020-06-26 07:58:17'),
(797, '06000089', 1, 2, 'N', 'Martes', '2020-06-23', '16:31:45', NULL, '22:20:08', NULL),
(798, '09582979', 1, 2, 'N', 'Martes', '2020-06-23', '16:45:43', NULL, '22:23:04', NULL),
(799, '10751082', 1, 2, 'N', 'Martes', '2020-06-23', '16:50:44', NULL, '22:27:07', NULL),
(800, '09405771', 1, 2, 'N', 'Martes', '2020-06-23', '16:59:30', NULL, '22:38:49', NULL),
(801, '06993247', 1, 3, 'N', 'Martes', '2020-06-23', '17:00:15', 'TARDANZA DE 100 MINUTOS', '22:26:51', '2020-07-01 09:40:36'),
(802, '08806618', 1, 2, 'N', 'Martes', '2020-06-23', '17:02:22', NULL, '22:21:15', NULL),
(803, '06007764', 1, 2, 'N', 'Martes', '2020-06-23', '17:02:52', NULL, '22:21:26', NULL),
(804, '43924539', 1, 2, 'N', 'Martes', '2020-06-23', '17:23:05', NULL, '20:43:39', NULL),
(805, '07569381', 1, 3, 'N', 'Martes', '2020-06-23', '17:29:02', 'TARDANZA DE 129 MINUTOS', '22:36:39', '2020-06-26 11:16:38'),
(806, '08102608', 1, 3, 'N', 'Martes', '2020-06-23', '17:41:43', 'TARDANZA DE 36 MINUTOS', '22:31:07', '2020-06-26 09:01:53'),
(807, '09546471', 1, 3, 'N', 'Martes', '2020-06-23', '17:52:43', 'TARDANZA DE 158 MINUTOS', '22:21:52', '2020-07-01 10:10:31'),
(808, '09121894', 1, 3, 'N', 'Martes', '2020-06-23', '17:59:33', 'TARDANZA DE 207 MINUTOS', '22:39:16', '2020-06-25 10:57:01'),
(809, '44859897', 1, 2, 'N', 'Martes', '2020-06-23', '18:06:56', NULL, '23:13:23', NULL),
(810, '07035164', 1, 2, 'N', 'Martes', '2020-06-23', '06:28:35', ' ', '18:30:28', '2020-07-05 01:37:17'),
(811, '18098269', 1, 2, 'N', 'Martes', '2020-06-23', '18:31:02', NULL, '22:25:48', NULL),
(812, '08362795', 1, 2, 'N', 'Martes', '2020-06-23', '18:49:08', 'MARCACION DE SALIDA DE LA JORNADA COMPLETA DEL TURNO DIA', '18:49:34', '2020-06-26 07:40:28'),
(813, '43279379', 1, 7, 'N', 'Martes', '2020-06-23', '23:50:31', 'JUSTIFICACION DE OMISION DE INGRESO', '23:51:35', '2020-07-03 10:07:25'),
(815, '40032759', 1, 2, 'D', 'Miercoles', '2020-06-24', '06:04:06', NULL, '15:03:08', NULL),
(816, '43442980', 1, 2, 'D', 'Miercoles', '2020-06-24', '06:42:00', NULL, '15:17:53', NULL),
(817, '10226614', 1, 5, 'D', 'Miercoles', '2020-06-24', '07:00:37', 'JUSTIFICACION POR MEDIO MEMORANDO N°0182-2020-DG-IESTP\"GLBR\"', '04:00:00', '2020-07-03 09:22:52'),
(818, '07863264', 1, 2, 'D', 'Miercoles', '2020-06-24', '07:06:31', NULL, '15:17:13', NULL),
(819, '42848773', 1, 2, 'D', 'Miercoles', '2020-06-24', '07:08:04', NULL, '16:03:23', NULL),
(820, '08391755', 1, 2, 'D', 'Miercoles', '2020-06-24', '07:08:27', NULL, '14:14:11', NULL),
(821, '15604382', 1, 2, 'D', 'Miercoles', '2020-06-24', '07:17:28', NULL, '20:36:11', NULL),
(822, '09541875', 1, 2, 'D', 'Miercoles', '2020-06-24', '07:18:33', NULL, '16:13:18', NULL),
(823, '09405771', 1, 2, 'D', 'Miercoles', '2020-06-24', '07:20:54', NULL, '13:46:09', NULL),
(824, '10022020', 1, 2, 'D', 'Miercoles', '2020-06-24', '07:21:05', NULL, '14:07:18', NULL),
(825, '10007876', 1, 2, 'D', 'Miercoles', '2020-06-24', '07:23:29', NULL, '15:11:00', NULL),
(826, '08401157', 1, 2, 'D', 'Miercoles', '2020-06-24', '07:25:40', NULL, '13:45:36', NULL),
(827, '09580069', 1, 2, 'D', 'Miercoles', '2020-06-24', '07:29:25', NULL, '23:21:24', NULL),
(828, '08766287', 1, 2, 'D', 'Miercoles', '2020-06-24', '07:29:29', NULL, '15:13:44', NULL),
(829, '09237051', 1, 2, 'D', 'Miercoles', '2020-06-24', '07:30:04', NULL, '16:25:41', NULL),
(830, '15415656', 1, 2, 'D', 'Miercoles', '2020-06-24', '07:31:45', NULL, '16:52:40', NULL),
(831, '43476111', 1, 2, 'D', 'Miercoles', '2020-06-24', '07:32:59', NULL, '14:06:01', NULL),
(832, '70008397', 1, 2, 'D', 'Miercoles', '2020-06-24', '07:33:00', NULL, '15:00:09', NULL),
(833, '10331060', 1, 2, 'D', 'Miercoles', '2020-06-24', '07:33:08', NULL, '14:33:07', NULL),
(834, '07035164', 1, 2, 'D', 'Miercoles', '2020-06-24', '07:33:22', NULL, '15:35:22', NULL),
(835, '08362828', 1, 2, 'D', 'Miercoles', '2020-06-24', '07:33:55', NULL, '17:48:35', NULL),
(836, '07674010', 1, 2, 'D', 'Miercoles', '2020-06-24', '07:34:03', NULL, '16:02:29', NULL),
(837, '40174999', 1, 2, 'D', 'Miercoles', '2020-06-24', '07:34:37', NULL, '15:10:27', NULL),
(838, '10348997', 1, 2, 'D', 'Miercoles', '2020-06-24', '07:34:45', NULL, '16:03:46', NULL),
(839, '07147314', 1, 8, 'D', 'Miercoles', '2020-06-24', '07:34:46', '33 MINUTOS DE INCUMPLIMIENTO DE HORAS DE PERMANENCIA ', '14:33:09', '2020-06-26 07:35:53'),
(840, '08362795', 1, 2, 'D', 'Miercoles', '2020-06-24', '07:34:52', NULL, '16:28:49', NULL),
(841, '08958019', 1, 2, 'D', 'Miercoles', '2020-06-24', '07:35:41', NULL, '15:24:29', NULL),
(842, '41966159', 1, 2, 'D', 'Miercoles', '2020-06-24', '07:36:26', NULL, '21:56:15', NULL),
(843, '06000089', 1, 2, 'D', 'Miercoles', '2020-06-24', '07:36:35', NULL, '13:29:45', NULL),
(844, '10866510', 1, 2, 'D', 'Miercoles', '2020-06-24', '07:37:05', NULL, '16:25:59', NULL),
(845, '07909229', 1, 2, 'D', 'Miercoles', '2020-06-24', '07:37:17', NULL, '15:26:47', NULL),
(846, '10718367', 1, 2, 'D', 'Miercoles', '2020-06-24', '07:40:45', NULL, '14:46:38', NULL),
(847, '72849319', 1, 2, 'D', 'Miercoles', '2020-06-24', '07:40:54', NULL, '16:03:04', NULL),
(848, '09120859', 1, 2, 'D', 'Miercoles', '2020-06-24', '07:42:02', NULL, '15:11:37', NULL),
(849, '09409485', 1, 2, 'D', 'Miercoles', '2020-06-24', '07:42:07', NULL, '15:01:17', NULL),
(850, '29556963', 1, 4, 'D', 'Miercoles', '2020-06-24', '07:43:31', 'NRS = NO REGISTRA SALIDA', '00:00:00', '2020-07-01 10:26:27'),
(851, '45124334', 1, 2, 'D', 'Miercoles', '2020-06-24', '07:44:17', NULL, '15:06:11', NULL),
(852, '21864142', 1, 2, 'D', 'Miercoles', '2020-06-24', '07:46:49', NULL, '16:22:05', NULL),
(853, '09086507', 1, 2, 'D', 'Miercoles', '2020-06-24', '07:46:59', NULL, '21:38:55', NULL),
(854, '06245204', 1, 2, 'D', 'Miercoles', '2020-06-24', '07:47:06', NULL, '15:51:24', NULL),
(855, '09582979', 1, 2, 'D', 'Miercoles', '2020-06-24', '07:47:20', NULL, '16:26:40', NULL),
(856, '08404484', 1, 2, 'D', 'Miercoles', '2020-06-24', '07:48:02', NULL, '18:28:16', NULL),
(857, '08422154', 1, 2, 'D', 'Miercoles', '2020-06-24', '07:48:03', NULL, '16:41:39', NULL),
(858, '40899608', 1, 2, 'D', 'Miercoles', '2020-06-24', '07:48:07', NULL, '16:57:03', NULL),
(859, '07672853', 1, 2, 'D', 'Miercoles', '2020-06-24', '07:48:46', NULL, '16:17:39', NULL),
(860, '40034231', 1, 2, 'D', 'Miercoles', '2020-06-24', '07:49:45', NULL, '22:36:16', NULL),
(861, '08353251', 1, 2, 'D', 'Miercoles', '2020-06-24', '07:49:53', NULL, '16:36:55', NULL),
(862, '10447682', 1, 2, 'D', 'Miercoles', '2020-06-24', '07:50:26', NULL, '16:27:11', NULL),
(863, '09721083', 1, 2, 'D', 'Miercoles', '2020-06-24', '07:50:39', NULL, '14:01:40', NULL),
(864, '40305202', 1, 2, 'D', 'Miercoles', '2020-06-24', '07:50:52', NULL, '16:37:03', NULL),
(865, '08781895', 1, 2, 'D', 'Miercoles', '2020-06-24', '07:51:14', NULL, '15:20:01', NULL),
(866, '07405481', 1, 2, 'D', 'Miercoles', '2020-06-24', '07:51:15', NULL, '13:53:50', NULL),
(867, '08547142', 1, 2, 'D', 'Miercoles', '2020-06-24', '07:52:14', NULL, '16:50:08', NULL),
(868, '42646856', 1, 2, 'D', 'Miercoles', '2020-06-24', '07:52:21', NULL, '15:30:37', NULL),
(869, '07218435', 1, 2, 'D', 'Miercoles', '2020-06-24', '07:53:34', NULL, '20:23:49', NULL),
(870, '10751082', 1, 2, 'D', 'Miercoles', '2020-06-24', '07:54:01', NULL, '13:46:19', NULL),
(871, '09546471', 1, 2, 'D', 'Miercoles', '2020-06-24', '07:54:03', NULL, '15:29:45', NULL),
(872, '10087395', 1, 2, 'D', 'Miercoles', '2020-06-24', '07:54:41', NULL, '16:04:00', NULL),
(873, '07956490', 1, 2, 'D', 'Miercoles', '2020-06-24', '07:55:03', NULL, '14:58:48', NULL),
(874, '41739825', 1, 2, 'D', 'Miercoles', '2020-06-24', '07:55:44', NULL, '15:05:03', NULL),
(875, '16120909', 1, 2, 'D', 'Miercoles', '2020-06-24', '07:56:03', NULL, '15:07:46', NULL),
(876, '06058629', 1, 2, 'D', 'Miercoles', '2020-06-24', '07:57:16', NULL, '16:19:13', NULL),
(877, '08952014', 1, 2, 'D', 'Miercoles', '2020-06-24', '07:57:23', NULL, '15:08:14', NULL),
(878, '06563877', 1, 2, 'D', 'Miercoles', '2020-06-24', '07:57:49', NULL, '16:15:54', NULL),
(879, '41426972', 1, 2, 'D', 'Miercoles', '2020-06-24', '07:58:27', NULL, '20:09:08', NULL),
(880, '18098269', 1, 2, 'D', 'Miercoles', '2020-06-24', '08:00:09', NULL, '16:53:48', NULL),
(881, '06088867', 1, 2, 'D', 'Miercoles', '2020-06-24', '08:00:27', NULL, '16:26:34', NULL),
(882, '09827810', 1, 2, 'D', 'Miercoles', '2020-06-24', '08:01:11', NULL, '13:06:08', NULL),
(883, '08794524', 1, 2, 'D', 'Miercoles', '2020-06-24', '08:07:34', NULL, '15:09:26', NULL),
(884, '07241494', 1, 2, 'D', 'Miercoles', '2020-06-24', '08:09:46', NULL, '22:54:12', NULL),
(885, '70219860', 1, 3, 'D', 'Miercoles', '2020-06-24', '08:26:23', 'TARDANZA DE 26 MINUTOS', '14:11:17', '2020-07-01 10:32:35'),
(886, '07026470', 1, 2, 'D', 'Miercoles', '2020-06-24', '08:36:29', NULL, '13:16:33', NULL),
(887, '21527619', 1, 2, 'D', 'Miercoles', '2020-06-24', '10:36:32', NULL, '23:13:20', NULL),
(888, '10519723', 1, 2, 'N', 'Miercoles', '2020-06-24', '14:15:28', NULL, '22:37:39', NULL),
(889, '06691798', 1, 2, 'N', 'Miercoles', '2020-06-24', '14:26:44', NULL, '22:46:14', NULL),
(890, '43279379', 1, 4, 'N', 'Miercoles', '2020-06-24', '14:58:31', 'NRS= NO REGISTRA SALIDA', '00:00:00', '2020-06-30 06:17:20'),
(891, '44807430', 1, 2, 'N', 'Miercoles', '2020-06-24', '15:00:29', NULL, '22:37:50', NULL),
(892, '10338978', 1, 2, 'N', 'Miercoles', '2020-06-24', '15:01:10', NULL, '16:26:01', NULL),
(893, '10484364', 1, 2, 'N', 'Miercoles', '2020-06-24', '15:01:34', NULL, '23:14:21', NULL),
(894, '45983867', 1, 2, 'N', 'Miercoles', '2020-06-24', '15:02:04', NULL, '22:33:41', NULL),
(895, '08560779', 1, 2, 'N', 'Miercoles', '2020-06-24', '15:04:30', NULL, '22:48:22', NULL),
(896, '08900576', 1, 2, 'N', 'Miercoles', '2020-06-24', '15:04:30', NULL, '22:22:03', NULL),
(897, '07611148', 1, 2, 'N', 'Miercoles', '2020-06-24', '15:04:35', NULL, '22:38:32', NULL),
(898, '25619982', 1, 2, 'N', 'Miercoles', '2020-06-24', '15:06:42', NULL, '22:23:23', NULL),
(899, '16168702', 1, 4, 'N', 'Miercoles', '2020-06-24', '15:07:54', 'NRS = NO RESGISTRA SALIDA', '00:00:00', '2020-06-26 10:43:45'),
(900, '09136342', 1, 2, 'N', 'Miercoles', '2020-06-24', '15:08:38', NULL, '22:35:04', NULL),
(901, '09120859', 1, 2, 'N', 'Miercoles', '2020-06-24', '15:11:49', NULL, '22:30:46', NULL),
(902, '10650976', 1, 2, 'N', 'Miercoles', '2020-06-24', '15:11:50', NULL, '22:25:01', NULL),
(903, '21860621', 1, 2, 'N', 'Miercoles', '2020-06-24', '15:13:58', NULL, '22:24:49', NULL),
(904, '10098289', 1, 2, 'N', 'Miercoles', '2020-06-24', '15:22:46', NULL, '22:35:24', NULL),
(905, '16168594', 1, 2, 'N', 'Miercoles', '2020-06-24', '15:28:02', NULL, '22:33:27', NULL),
(906, '10809045', 1, 3, 'N', 'Miercoles', '2020-06-24', '15:29:35', 'TARDANZA DE 12 MINUTOS', '22:27:52', '2020-06-30 06:33:51'),
(907, '44022944', 1, 2, 'N', 'Miercoles', '2020-06-24', '16:05:14', NULL, '22:29:08', NULL),
(908, '70295941', 1, 2, 'N', 'Miercoles', '2020-06-24', '16:09:42', NULL, '22:22:05', NULL),
(909, '10014826', 1, 2, 'N', 'Miercoles', '2020-06-24', '16:11:48', NULL, '22:27:43', NULL),
(910, '10037324', 1, 2, 'N', 'Miercoles', '2020-06-24', '16:12:29', NULL, '22:37:31', NULL),
(911, '48666856', 1, 2, 'N', 'Miercoles', '2020-06-24', '16:12:44', NULL, '22:27:55', NULL),
(912, '09541875', 1, 2, 'N', 'Miercoles', '2020-06-24', '16:13:27', NULL, '23:34:13', NULL),
(913, '08086960', 1, 5, 'N', 'Miercoles', '2020-06-24', '16:34:38', 'JUSTIFICACION DE TARDANZA ', '22:42:24', '2020-06-26 07:57:14'),
(914, '08265137', 1, 2, 'N', 'Miercoles', '2020-06-24', '16:45:18', NULL, '23:11:14', NULL),
(915, '08806618', 1, 2, 'N', 'Miercoles', '2020-06-24', '16:46:52', NULL, '23:50:28', NULL),
(916, '08102608', 1, 2, 'N', 'Miercoles', '2020-06-24', '16:50:17', NULL, '22:45:25', NULL),
(917, '19944586', 1, 2, 'N', 'Miercoles', '2020-06-24', '16:53:39', NULL, '22:28:05', NULL),
(918, '09121894', 1, 4, 'N', 'Miercoles', '2020-06-24', '16:55:56', 'NRI = NO REGISTRA INGRESO', '16:56:27', '2020-06-25 08:20:47'),
(919, '41292845', 1, 2, 'N', 'Miercoles', '2020-06-24', '17:04:10', NULL, '22:48:25', NULL),
(920, '06007764', 1, 2, 'N', 'Miercoles', '2020-06-24', '17:05:25', NULL, '22:20:43', NULL),
(921, '43924539', 1, 2, 'N', 'Miercoles', '2020-06-24', '17:16:29', NULL, '20:53:47', NULL),
(922, '08480056', 1, 2, 'N', 'Miercoles', '2020-06-24', '17:21:21', NULL, '22:53:09', NULL),
(923, '40228607', 1, 4, 'N', 'Miercoles', '2020-06-24', '17:21:43', 'NRS = NO REGISTRA SALIDA', '00:00:00', '2020-07-01 10:30:10'),
(924, '06195983', 1, 5, 'N', 'Miercoles', '2020-06-24', '17:44:35', 'JUSTIFICACION DE TARDANZA (FUT Y CORREO DEL ADMIN)', '22:23:59', '2020-07-04 11:52:07'),
(926, '10015145', 1, 2, 'N', 'Miercoles', '2020-06-24', '18:04:41', NULL, '22:30:32', NULL),
(927, '10524996', 1, 3, 'N', 'Miercoles', '2020-06-24', '18:23:06', 'TARDANZA DE 60 MINUTOS', '23:05:08', '2020-06-30 06:51:34'),
(928, '09253109', 1, 2, 'N', 'Miercoles', '2020-06-24', '20:12:51', NULL, '22:47:22', NULL),
(929, '07569381', 1, 3, 'N', 'Miercoles', '2020-06-24', '21:11:52', 'TARDANZA DE 231 MINUTOS', '22:23:43', '2020-06-26 11:18:02'),
(930, '10338978', 1, 2, 'N', 'Miercoles', '2020-06-24', '22:28:45', NULL, '22:35:13', NULL),
(931, '43279379', 1, 2, 'D', 'Jueves', '2020-06-25', '01:44:53', NULL, '10:32:18', NULL),
(933, '43442980', 1, 2, 'D', 'Jueves', '2020-06-25', '06:31:22', NULL, '15:17:59', NULL),
(934, '07863264', 1, 2, 'D', 'Jueves', '2020-06-25', '06:49:37', NULL, '15:39:20', NULL),
(935, '09121894', 1, 2, 'D', 'Jueves', '2020-06-25', '07:10:04', NULL, '16:03:33', NULL),
(936, '08391755', 1, 2, 'D', 'Jueves', '2020-06-25', '07:11:10', NULL, '14:11:00', NULL),
(937, '10022020', 1, 2, 'D', 'Jueves', '2020-06-25', '07:11:37', NULL, '16:39:10', NULL),
(938, '09136342', 1, 2, 'D', 'Jueves', '2020-06-25', '07:20:44', NULL, '15:36:46', NULL),
(939, '70219860', 1, 2, 'D', 'Jueves', '2020-06-25', '07:20:56', NULL, '14:13:01', NULL),
(940, '09405771', 1, 2, 'D', 'Jueves', '2020-06-25', '07:21:51', NULL, '14:22:51', NULL),
(941, '09541875', 1, 2, 'D', 'Jueves', '2020-06-25', '07:21:54', NULL, '16:07:02', NULL),
(942, '07035164', 1, 2, 'D', 'Jueves', '2020-06-25', '07:23:13', NULL, '15:48:23', NULL),
(943, '15415656', 1, 2, 'D', 'Jueves', '2020-06-25', '07:23:18', NULL, '16:21:52', NULL),
(944, '72849319', 1, 2, 'D', 'Jueves', '2020-06-25', '07:25:28', NULL, '16:41:08', NULL),
(945, '08401157', 1, 2, 'D', 'Jueves', '2020-06-25', '07:26:06', NULL, '13:16:31', NULL),
(946, '10718367', 1, 2, 'D', 'Jueves', '2020-06-25', '07:31:02', NULL, '13:26:44', NULL),
(947, '09237051', 1, 2, 'D', 'Jueves', '2020-06-25', '07:31:07', NULL, '18:10:14', NULL),
(948, '15604382', 1, 2, 'D', 'Jueves', '2020-06-25', '07:32:05', NULL, '23:14:46', NULL),
(949, '42848773', 1, 2, 'D', 'Jueves', '2020-06-25', '07:34:21', NULL, '15:02:06', NULL),
(950, '43476111', 1, 2, 'D', 'Jueves', '2020-06-25', '07:35:28', NULL, '15:53:08', NULL),
(951, '40899608', 1, 2, 'D', 'Jueves', '2020-06-25', '07:37:24', NULL, '19:33:45', NULL),
(952, '07674010', 1, 2, 'D', 'Jueves', '2020-06-25', '07:37:28', NULL, '15:26:55', NULL),
(953, '08265137', 1, 2, 'D', 'Jueves', '2020-06-25', '07:38:18', NULL, '14:10:36', NULL),
(954, '25619982', 1, 2, 'D', 'Jueves', '2020-06-25', '07:38:34', NULL, '15:21:55', NULL),
(955, '08958019', 1, 2, 'D', 'Jueves', '2020-06-25', '07:38:55', NULL, '15:11:28', NULL),
(956, '40174999', 1, 2, 'D', 'Jueves', '2020-06-25', '07:40:46', NULL, '15:10:39', NULL),
(957, '10007876', 1, 2, 'D', 'Jueves', '2020-06-25', '07:42:41', NULL, '15:10:51', NULL),
(958, '10338978', 1, 2, 'D', 'Jueves', '2020-06-25', '07:44:36', NULL, '15:13:51', NULL),
(959, '45124334', 1, 2, 'D', 'Jueves', '2020-06-25', '07:44:36', NULL, '15:08:27', NULL),
(960, '41966159', 1, 2, 'D', 'Jueves', '2020-06-25', '07:46:06', NULL, '22:34:24', NULL),
(961, '45983867', 1, 2, 'D', 'Jueves', '2020-06-25', '07:46:34', NULL, '15:26:31', NULL),
(962, '08422154', 1, 2, 'D', 'Jueves', '2020-06-25', '07:47:08', NULL, '16:39:21', NULL),
(963, '07672853', 1, 2, 'D', 'Jueves', '2020-06-25', '07:47:22', NULL, '16:20:29', NULL),
(964, '06245204', 1, 4, 'D', 'Jueves', '2020-06-25', '07:47:34', 'NRS = NO REGISTRA SALIDA', '00:00:00', '2020-07-02 05:49:32'),
(965, '09580069', 1, 2, 'D', 'Jueves', '2020-06-25', '07:47:54', NULL, '16:54:09', NULL),
(966, '29556963', 1, 2, 'D', 'Jueves', '2020-06-25', '07:48:27', NULL, '21:52:14', NULL),
(967, '40034231', 1, 2, 'D', 'Jueves', '2020-06-25', '07:48:53', NULL, '22:20:06', NULL),
(968, '10650976', 1, 2, 'D', 'Jueves', '2020-06-25', '07:48:53', NULL, '15:10:42', NULL),
(969, '08362795', 1, 2, 'D', 'Jueves', '2020-06-25', '07:49:13', NULL, '18:45:35', NULL),
(970, '07611148', 1, 2, 'D', 'Jueves', '2020-06-25', '07:49:37', NULL, '16:11:48', NULL),
(971, '08560779', 1, 2, 'D', 'Jueves', '2020-06-25', '07:50:07', NULL, '16:13:29', NULL),
(972, '07241494', 1, 2, 'D', 'Jueves', '2020-06-25', '07:50:33', NULL, '22:47:21', NULL),
(973, '10809045', 1, 2, 'D', 'Jueves', '2020-06-25', '07:50:49', NULL, '15:11:32', NULL),
(974, '09253109', 1, 2, 'D', 'Jueves', '2020-06-25', '07:51:18', NULL, '14:10:49', NULL),
(975, '08547142', 1, 2, 'D', 'Jueves', '2020-06-25', '07:51:27', NULL, '16:50:47', NULL),
(976, '08353251', 1, 4, 'D', 'Jueves', '2020-06-25', '07:52:01', NULL, NULL, NULL),
(977, '70008397', 1, 2, 'D', 'Jueves', '2020-06-25', '07:52:12', NULL, '16:07:58', NULL),
(978, '08404484', 1, 2, 'D', 'Jueves', '2020-06-25', '07:52:25', NULL, '16:30:08', NULL),
(979, '10524996', 1, 2, 'D', 'Jueves', '2020-06-25', '07:52:29', NULL, '13:40:29', NULL),
(980, '41292845', 1, 2, 'D', 'Jueves', '2020-06-25', '07:54:58', NULL, '13:16:07', NULL),
(981, '06088867', 1, 2, 'D', 'Jueves', '2020-06-25', '07:55:04', NULL, '17:39:50', NULL),
(982, '09546471', 1, 2, 'D', 'Jueves', '2020-06-25', '07:55:06', NULL, '15:07:52', NULL),
(983, '06058629', 1, 2, 'D', 'Jueves', '2020-06-25', '07:55:42', NULL, '16:17:02', NULL),
(984, '07956490', 1, 2, 'D', 'Jueves', '2020-06-25', '07:56:09', NULL, '15:32:20', NULL),
(985, '16168594', 1, 2, 'D', 'Jueves', '2020-06-25', '07:56:25', NULL, '15:16:21', NULL),
(986, '41426972', 1, 2, 'D', 'Jueves', '2020-06-25', '07:56:34', NULL, '18:29:13', NULL),
(987, '09827810', 1, 2, 'D', 'Jueves', '2020-06-25', '07:56:58', NULL, '12:34:32', NULL),
(988, '08952014', 1, 2, 'D', 'Jueves', '2020-06-25', '07:57:10', NULL, '15:12:40', NULL),
(989, '16120909', 1, 2, 'D', 'Jueves', '2020-06-25', '07:57:27', NULL, '15:02:04', NULL),
(990, '06993247', 1, 2, 'D', 'Jueves', '2020-06-25', '07:57:32', NULL, '15:02:42', NULL),
(991, '44859897', 1, 2, 'D', 'Jueves', '2020-06-25', '07:57:36', NULL, '09:46:24', NULL),
(992, '06563877', 1, 2, 'D', 'Jueves', '2020-06-25', '07:59:54', NULL, '16:17:29', NULL),
(993, '18098269', 1, 2, 'D', 'Jueves', '2020-06-25', '08:00:05', ' ', '20:56:27', '2020-07-02 06:50:28'),
(994, '07218435', 1, 2, 'D', 'Jueves', '2020-06-25', '08:04:09', NULL, '17:31:03', NULL),
(995, '07026470', 1, 2, 'D', 'Jueves', '2020-06-25', '08:40:33', NULL, '13:16:10', NULL),
(996, '10226614', 1, 2, 'D', 'Jueves', '2020-06-25', '09:07:38', ' ', '23:52:31', '2020-07-03 09:23:48'),
(997, '08362828', 1, 2, 'D', 'Jueves', '2020-06-25', '09:59:58', 'JORNADA COMPLETA', '23:18:58', '2020-07-02 06:13:35'),
(998, '09086507', 1, 2, 'N', 'Jueves', '2020-06-25', '13:13:43', NULL, '23:42:23', NULL),
(999, '43279379', 1, 2, 'N', 'Jueves', '2020-06-25', '14:04:45', NULL, '22:48:00', NULL),
(1000, '21527619', 1, 2, 'N', 'Jueves', '2020-06-25', '14:09:49', NULL, '23:25:11', NULL),
(1001, '10519723', 1, 2, 'N', 'Jueves', '2020-06-25', '14:13:53', NULL, '22:35:42', NULL),
(1002, '06195983', 1, 2, 'N', 'Jueves', '2020-06-25', '14:21:42', NULL, '22:23:24', NULL),
(1003, '10331060', 1, 2, 'N', 'Jueves', '2020-06-25', '14:22:17', NULL, '22:25:51', NULL),
(1004, '10866510', 1, 2, 'N', 'Jueves', '2020-06-25', '14:28:09', NULL, '22:21:25', NULL),
(1005, '10447682', 1, 2, 'N', 'Jueves', '2020-06-25', '14:31:52', NULL, '22:24:45', NULL),
(1006, '10348997', 1, 2, 'N', 'Jueves', '2020-06-25', '14:31:55', NULL, '22:40:51', NULL),
(1007, '40305202', 1, 2, 'N', 'Jueves', '2020-06-25', '14:33:36', NULL, '22:40:05', NULL),
(1008, '08794524', 1, 2, 'N', 'Jueves', '2020-06-25', '14:37:02', NULL, '22:22:16', NULL),
(1009, '16168702', 1, 2, 'N', 'Jueves', '2020-06-25', '14:40:22', NULL, '22:24:58', NULL),
(1010, '08781895', 1, 2, 'N', 'Jueves', '2020-06-25', '14:50:07', NULL, '23:15:43', NULL),
(1011, '21864142', 1, 2, 'N', 'Jueves', '2020-06-25', '14:56:05', NULL, '22:23:13', NULL),
(1012, '07909229', 1, 2, 'N', 'Jueves', '2020-06-25', '14:56:13', NULL, '22:26:39', NULL),
(1013, '44807430', 1, 2, 'N', 'Jueves', '2020-06-25', '15:00:09', NULL, '22:35:03', NULL),
(1014, '41739825', 1, 2, 'N', 'Jueves', '2020-06-25', '15:00:15', NULL, '22:20:27', NULL),
(1015, '42646856', 1, 2, 'N', 'Jueves', '2020-06-25', '15:01:09', NULL, '22:31:07', NULL),
(1016, '06691798', 1, 2, 'N', 'Jueves', '2020-06-25', '15:05:13', NULL, '22:43:27', NULL),
(1017, '21860621', 1, 2, 'N', 'Jueves', '2020-06-25', '15:09:43', NULL, '22:23:49', NULL),
(1018, '10087395', 1, 2, 'N', 'Jueves', '2020-06-25', '15:11:18', NULL, '22:22:59', NULL),
(1019, '10098289', 1, 2, 'N', 'Jueves', '2020-06-25', '15:13:34', NULL, '23:41:39', NULL),
(1020, '10484364', 1, 2, 'N', 'Jueves', '2020-06-25', '15:14:10', NULL, '22:25:50', NULL),
(1021, '06993247', 1, 2, 'N', 'Jueves', '2020-06-25', '15:15:03', NULL, '22:23:52', NULL),
(1022, '40032759', 1, 2, 'N', 'Jueves', '2020-06-25', '15:24:09', NULL, '22:24:47', NULL),
(1023, '07956490', 1, 2, 'N', 'Jueves', '2020-06-25', '15:33:20', NULL, '22:28:25', NULL),
(1024, '07147314', 1, 3, 'N', 'Jueves', '2020-06-25', '15:35:44', 'TARDANZA DE 20 MINUTOS', '23:47:51', '2020-07-02 06:07:06'),
(1025, '08900576', 1, 2, 'N', 'Jueves', '2020-06-25', '15:42:56', NULL, '22:38:04', NULL),
(1026, '10037324', 1, 2, 'N', 'Jueves', '2020-06-25', '15:58:04', NULL, '23:23:03', NULL),
(1027, '48666856', 1, 2, 'N', 'Jueves', '2020-06-25', '16:04:43', NULL, '22:22:18', NULL),
(1028, '09409485', 1, 3, 'N', 'Jueves', '2020-06-25', '16:06:10', 'TARDANZA DE 46 MINUTOS', '22:20:26', '2020-07-02 07:15:58'),
(1029, '10014826', 1, 2, 'N', 'Jueves', '2020-06-25', '16:08:23', NULL, '22:24:11', NULL),
(1030, '44022944', 1, 4, 'N', 'Jueves', '2020-06-25', '16:09:03', 'NRS = NO REGISTRA SALIDA', '00:00:00', '2020-07-02 07:39:12'),
(1031, '70295941', 1, 2, 'N', 'Jueves', '2020-06-25', '16:09:28', NULL, '22:21:23', NULL),
(1032, '08102608', 1, 2, 'N', 'Jueves', '2020-06-25', '16:21:33', NULL, '23:09:20', NULL),
(1033, '19944586', 1, 2, 'N', 'Jueves', '2020-06-25', '16:29:45', NULL, '22:26:52', NULL),
(1034, '06000089', 1, 2, 'N', 'Jueves', '2020-06-25', '16:36:32', NULL, '22:27:02', NULL),
(1035, '10751082', 1, 2, 'N', 'Jueves', '2020-06-25', '16:50:51', NULL, '22:36:38', NULL),
(1036, '06007764', 1, 2, 'N', 'Jueves', '2020-06-25', '17:02:21', NULL, '22:21:20', NULL),
(1037, '08806618', 1, 2, 'N', 'Jueves', '2020-06-25', '17:02:45', NULL, '22:21:48', NULL),
(1038, '07405481', 1, 2, 'N', 'Jueves', '2020-06-25', '17:03:44', NULL, '22:27:29', NULL),
(1039, '09721083', 1, 2, 'N', 'Jueves', '2020-06-25', '17:07:02', NULL, '23:23:25', NULL),
(1040, '07569381', 1, 3, 'N', 'Jueves', '2020-06-25', '17:20:40', 'TARDANZA DE 120 MINUTOS', '22:39:08', '2020-07-02 11:33:19'),
(1041, '08480056', 1, 2, 'N', 'Jueves', '2020-06-25', '17:24:59', NULL, '22:22:11', NULL),
(1042, '08766287', 1, 3, 'N', 'Jueves', '2020-06-25', '17:25:20', 'TARDANZA DE 119 MINUTOS', '22:37:39', '2020-07-02 05:58:59'),
(1043, '44859897', 1, 2, 'N', 'Jueves', '2020-06-25', '17:29:18', NULL, '22:55:59', NULL),
(1044, '40228607', 1, 3, 'N', 'Jueves', '2020-06-25', '18:54:43', 'TARDANZA DE 154 MINUTOS', '22:35:57', '2020-07-02 07:40:10'),
(1045, '44628281', 1, 2, 'N', 'Jueves', '2020-06-25', '19:02:26', NULL, '22:21:20', NULL),
(1047, '07863264', 1, 2, 'D', 'Viernes', '2020-06-26', '06:46:24', NULL, '16:05:04', NULL),
(1048, '43442980', 1, 2, 'D', 'Viernes', '2020-06-26', '07:01:09', NULL, '15:16:35', NULL),
(1049, '08391755', 1, 2, 'D', 'Viernes', '2020-06-26', '07:06:13', NULL, '15:36:14', NULL),
(1050, '06195983', 1, 2, 'D', 'Viernes', '2020-06-26', '07:12:17', NULL, '14:02:12', NULL),
(1051, '15415656', 1, 2, 'D', 'Viernes', '2020-06-26', '07:13:50', NULL, '16:28:46', NULL),
(1052, '07241494', 1, 2, 'D', 'Viernes', '2020-06-26', '07:17:50', NULL, '21:09:21', NULL),
(1053, '10524996', 1, 2, 'D', 'Viernes', '2020-06-26', '07:19:38', NULL, '13:47:07', NULL),
(1054, '08766287', 1, 2, 'D', 'Viernes', '2020-06-26', '07:21:01', NULL, '16:30:49', NULL),
(1055, '08401157', 1, 2, 'D', 'Viernes', '2020-06-26', '07:24:22', NULL, '13:38:37', NULL),
(1056, '70008397', 1, 2, 'D', 'Viernes', '2020-06-26', '07:24:39', NULL, '14:12:08', NULL),
(1057, '06691798', 1, 2, 'D', 'Viernes', '2020-06-26', '07:26:28', NULL, '15:26:34', NULL),
(1058, '10007876', 1, 2, 'D', 'Viernes', '2020-06-26', '07:30:48', NULL, '15:10:31', NULL),
(1059, '07674010', 1, 2, 'D', 'Viernes', '2020-06-26', '07:30:56', NULL, '15:07:51', NULL),
(1060, '43476111', 1, 2, 'D', 'Viernes', '2020-06-26', '07:31:00', NULL, '14:05:33', NULL),
(1061, '06000089', 1, 2, 'D', 'Viernes', '2020-06-26', '07:31:38', NULL, '13:30:47', NULL),
(1062, '40305202', 1, 2, 'D', 'Viernes', '2020-06-26', '07:31:51', NULL, '20:36:17', NULL),
(1063, '09541875', 1, 2, 'D', 'Viernes', '2020-06-26', '07:32:32', NULL, '16:53:09', NULL),
(1064, '10718367', 1, 2, 'D', 'Viernes', '2020-06-26', '07:33:40', NULL, '13:12:31', NULL),
(1065, '10866510', 1, 2, 'D', 'Viernes', '2020-06-26', '07:33:57', NULL, '15:41:51', NULL),
(1066, '40899608', 1, 2, 'D', 'Viernes', '2020-06-26', '07:35:33', NULL, '23:11:21', NULL),
(1067, '10447682', 1, 2, 'D', 'Viernes', '2020-06-26', '07:36:15', NULL, '15:42:04', NULL),
(1068, '07909229', 1, 2, 'D', 'Viernes', '2020-06-26', '07:39:04', NULL, '15:48:14', NULL),
(1069, '40034231', 1, 2, 'D', 'Viernes', '2020-06-26', '07:39:21', NULL, '23:18:09', NULL),
(1070, '10348997', 1, 2, 'D', 'Viernes', '2020-06-26', '07:39:39', NULL, '15:58:58', NULL),
(1071, '09136342', 1, 2, 'D', 'Viernes', '2020-06-26', '07:39:43', NULL, '15:40:58', NULL),
(1072, '09237051', 1, 2, 'D', 'Viernes', '2020-06-26', '07:39:52', NULL, '15:43:06', NULL),
(1073, '25619982', 1, 2, 'D', 'Viernes', '2020-06-26', '07:40:22', NULL, '15:25:39', NULL),
(1074, '21864142', 1, 2, 'D', 'Viernes', '2020-06-26', '07:40:51', NULL, '16:33:03', NULL);
INSERT INTO `asistencia` (`ID_ASISTENCIA`, `ID_PERSONA`, `ID_SEMESTRE`, `ID_CATEGORIA_ASI`, `TURNO`, `DIA`, `ENTRADA_FECHA`, `ENTRADA_HORA`, `OBSERVACION`, `HORA_SALIDA`, `FECHA_M`) VALUES
(1075, '08353251', 1, 2, 'D', 'Viernes', '2020-06-26', '07:41:09', NULL, '16:33:52', NULL),
(1076, '09580069', 1, 2, 'D', 'Viernes', '2020-06-26', '07:42:11', NULL, '18:03:15', NULL),
(1077, '72849319', 1, 2, 'D', 'Viernes', '2020-06-26', '07:42:37', NULL, '14:32:50', NULL),
(1078, '21527619', 1, 2, 'D', 'Viernes', '2020-06-26', '07:42:59', NULL, '23:25:04', NULL),
(1079, '09409485', 1, 2, 'D', 'Viernes', '2020-06-26', '07:43:13', NULL, '15:03:27', NULL),
(1080, '08422154', 1, 2, 'D', 'Viernes', '2020-06-26', '07:44:32', NULL, '16:28:25', NULL),
(1081, '44807430', 1, 2, 'D', 'Viernes', '2020-06-26', '07:44:39', NULL, '16:52:09', NULL),
(1082, '07611148', 1, 2, 'D', 'Viernes', '2020-06-26', '07:44:53', NULL, '23:19:36', NULL),
(1083, '42646856', 1, 2, 'D', 'Viernes', '2020-06-26', '07:45:05', 'JORNADA COMPLETA DE LA MARCACION ANTERIOR', '07:45:15', '2020-07-02 06:38:00'),
(1084, '42646856', 1, 2, 'D', 'Viernes', '2020-06-26', '07:45:41', NULL, '15:20:40', NULL),
(1085, '07218435', 1, 2, 'D', 'Viernes', '2020-06-26', '07:45:43', NULL, '17:44:10', NULL),
(1086, '08362828', 1, 2, 'D', 'Viernes', '2020-06-26', '07:45:46', NULL, '16:15:46', NULL),
(1087, '45983867', 1, 2, 'D', 'Viernes', '2020-06-26', '07:45:47', NULL, '15:26:02', NULL),
(1088, '10338978', 1, 2, 'D', 'Viernes', '2020-06-26', '07:46:19', NULL, '15:11:38', NULL),
(1089, '07672853', 1, 2, 'D', 'Viernes', '2020-06-26', '07:46:20', NULL, '16:20:24', NULL),
(1090, '29556963', 1, 2, 'D', 'Viernes', '2020-06-26', '07:46:44', NULL, '23:16:45', NULL),
(1091, '10022020', 1, 2, 'D', 'Viernes', '2020-06-26', '07:46:45', NULL, '17:05:25', NULL),
(1092, '09086507', 1, 2, 'D', 'Viernes', '2020-06-26', '07:47:34', NULL, '17:20:25', NULL),
(1093, '70219860', 1, 2, 'D', 'Viernes', '2020-06-26', '07:47:50', NULL, '14:12:07', NULL),
(1094, '45124334', 1, 2, 'D', 'Viernes', '2020-06-26', '07:49:30', NULL, '15:14:29', NULL),
(1095, '08781895', 1, 2, 'D', 'Viernes', '2020-06-26', '07:50:17', NULL, '15:21:17', NULL),
(1096, '19944586', 1, 2, 'D', 'Viernes', '2020-06-26', '07:50:22', NULL, '14:56:27', NULL),
(1097, '08404484', 1, 6, 'D', 'Viernes', '2020-06-26', '07:50:29', 'LEY N° 30512', '15:57:27', '2020-07-02 09:41:22'),
(1098, '43924539', 1, 2, 'D', 'Viernes', '2020-06-26', '07:50:40', NULL, '12:52:50', NULL),
(1099, '06245204', 1, 2, 'D', 'Viernes', '2020-06-26', '07:50:55', NULL, '21:03:49', NULL),
(1100, '08362795', 1, 2, 'D', 'Viernes', '2020-06-26', '07:52:37', NULL, '18:59:04', NULL),
(1101, '07035164', 1, 2, 'D', 'Viernes', '2020-06-26', '07:52:53', NULL, '15:51:24', NULL),
(1102, '16168594', 1, 2, 'D', 'Viernes', '2020-06-26', '07:52:53', NULL, '15:17:33', NULL),
(1103, '10087395', 1, 2, 'D', 'Viernes', '2020-06-26', '07:53:19', NULL, '15:05:12', NULL),
(1104, '08547142', 1, 2, 'D', 'Viernes', '2020-06-26', '07:54:48', NULL, '17:39:25', NULL),
(1105, '44628281', 1, 2, 'D', 'Viernes', '2020-06-26', '07:55:11', NULL, '11:12:37', NULL),
(1106, '09546471', 1, 2, 'D', 'Viernes', '2020-06-26', '07:55:23', NULL, '16:12:37', NULL),
(1107, '06993247', 1, 2, 'D', 'Viernes', '2020-06-26', '07:55:39', NULL, '15:19:58', NULL),
(1108, '41426972', 1, 2, 'D', 'Viernes', '2020-06-26', '07:56:14', NULL, '18:11:37', NULL),
(1109, '09721083', 1, 2, 'D', 'Viernes', '2020-06-26', '07:58:08', NULL, '13:53:57', NULL),
(1110, '08952014', 1, 2, 'D', 'Viernes', '2020-06-26', '07:58:30', NULL, '15:05:36', NULL),
(1111, '06058629', 1, 2, 'D', 'Viernes', '2020-06-26', '07:58:34', NULL, '16:16:28', NULL),
(1112, '15604382', 1, 4, 'D', 'Viernes', '2020-06-26', '07:58:56', 'NRS = NO REGISTRA SALIDA', '00:00:00', '2020-07-02 06:00:39'),
(1113, '06563877', 1, 2, 'D', 'Viernes', '2020-06-26', '08:01:37', NULL, '16:16:41', NULL),
(1114, '08560779', 1, 2, 'D', 'Viernes', '2020-06-26', '08:01:55', NULL, '23:24:13', NULL),
(1115, '40174999', 1, 2, 'D', 'Viernes', '2020-06-26', '08:03:15', NULL, '15:08:31', NULL),
(1116, '10098289', 1, 2, 'D', 'Viernes', '2020-06-26', '08:04:57', NULL, '16:39:10', NULL),
(1117, '41966159', 1, 2, 'D', 'Viernes', '2020-06-26', '08:05:00', NULL, '21:11:57', NULL),
(1118, '10226614', 1, 2, 'D', 'Viernes', '2020-06-26', '08:11:21', ' ', '23:11:47', '2020-07-03 09:24:03'),
(1119, '08086960', 1, 3, 'D', 'Viernes', '2020-06-26', '08:13:37', 'TARDANZA DE 13 MINUTOS', '15:22:29', '2020-07-02 05:55:33'),
(1120, '07026470', 1, 2, 'D', 'Viernes', '2020-06-26', '08:40:28', NULL, '13:15:47', NULL),
(1121, '41739825', 1, 5, 'D', 'Viernes', '2020-06-26', '10:05:47', 'JUSTIFICACION DE TARDANZA MEDIANTE EL MEMORANDO MULTIPLE N°02-2020-IESTP\"GLBR\"-AAHO', '15:19:08', '2020-07-04 12:10:49'),
(1122, '40131252', 1, 2, 'D', 'Viernes', '2020-06-26', '10:49:10', NULL, '16:10:39', NULL),
(1123, '44628281', 1, 2, 'D', 'Viernes', '2020-06-26', '11:17:31', NULL, '12:52:12', NULL),
(1124, '42848773', 1, 2, 'D', 'Viernes', '2020-06-26', '12:07:57', ' ', '22:21:03', '2020-07-02 07:21:06'),
(1125, '09120859', 1, 2, 'N', 'Viernes', '2020-06-26', '14:13:47', NULL, '22:48:59', NULL),
(1126, '10519723', 1, 2, 'N', 'Viernes', '2020-06-26', '14:17:05', NULL, '22:46:26', NULL),
(1127, '10331060', 1, 2, 'N', 'Viernes', '2020-06-26', '14:20:44', NULL, '22:26:01', NULL),
(1128, '07147314', 1, 4, 'N', 'Viernes', '2020-06-26', '14:48:50', 'NRS = NO REGISTRA SALIDA', '00:00:00', '2020-07-02 06:07:27'),
(1129, '06088867', 1, 2, 'N', 'Viernes', '2020-06-26', '14:55:57', NULL, '22:51:55', NULL),
(1130, '40032759', 1, 2, 'N', 'Viernes', '2020-06-26', '15:00:35', NULL, '22:25:14', NULL),
(1131, '21860621', 1, 2, 'N', 'Viernes', '2020-06-26', '15:01:20', NULL, '22:23:24', NULL),
(1132, '10484364', 1, 2, 'N', 'Viernes', '2020-06-26', '15:02:38', NULL, '22:28:24', NULL),
(1133, '08794524', 1, 2, 'N', 'Viernes', '2020-06-26', '15:03:23', NULL, '22:27:10', NULL),
(1134, '10809045', 1, 2, 'N', 'Viernes', '2020-06-26', '15:06:06', NULL, '23:07:05', NULL),
(1135, '40228607', 1, 2, 'N', 'Viernes', '2020-06-26', '15:09:10', NULL, '23:06:18', NULL),
(1136, '10650976', 1, 2, 'N', 'Viernes', '2020-06-26', '15:11:18', NULL, '22:28:38', NULL),
(1137, '16120909', 1, 2, 'N', 'Viernes', '2020-06-26', '15:18:18', NULL, '22:20:26', NULL),
(1138, '16168702', 1, 2, 'N', 'Viernes', '2020-06-26', '15:24:05', NULL, '22:47:25', NULL),
(1139, '07956490', 1, 2, 'N', 'Viernes', '2020-06-26', '15:34:35', NULL, '23:04:09', NULL),
(1140, '48666856', 1, 2, 'N', 'Viernes', '2020-06-26', '16:02:28', NULL, '23:01:23', NULL),
(1141, '44022944', 1, 2, 'N', 'Viernes', '2020-06-26', '16:04:45', NULL, '22:32:13', NULL),
(1142, '70295941', 1, 2, 'N', 'Viernes', '2020-06-26', '16:08:09', NULL, '22:39:47', NULL),
(1143, '10037324', 1, 2, 'N', 'Viernes', '2020-06-26', '16:08:28', NULL, '22:49:57', NULL),
(1144, '10014826', 1, 2, 'N', 'Viernes', '2020-06-26', '16:24:05', 'JORNADA COMPLETA DE LA MARCACION ANTERIOR', '16:24:20', '2020-07-02 07:43:55'),
(1145, '10014826', 1, 2, 'N', 'Viernes', '2020-06-26', '16:24:30', NULL, '22:54:00', NULL),
(1146, '09405771', 1, 2, 'N', 'Viernes', '2020-06-26', '16:26:47', NULL, '22:23:06', NULL),
(1147, '09121894', 1, 3, 'N', 'Viernes', '2020-06-26', '16:27:20', 'TARDANZA DE 115 MINUTOS', '23:03:15', '2020-07-02 10:52:24'),
(1148, '08265137', 1, 2, 'N', 'Viernes', '2020-06-26', '16:35:08', NULL, '22:49:03', NULL),
(1149, '10751082', 1, 2, 'N', 'Viernes', '2020-06-26', '16:40:00', NULL, '22:44:32', NULL),
(1150, '07405481', 1, 2, 'N', 'Viernes', '2020-06-26', '16:59:32', NULL, '22:38:41', NULL),
(1151, '08806618', 1, 2, 'N', 'Viernes', '2020-06-26', '17:01:24', NULL, '22:25:52', NULL),
(1152, '08958019', 1, 3, 'N', 'Viernes', '2020-06-26', '17:01:59', 'TARDANZA DE 104 MINUTOS', '17:54:58', '2020-07-02 11:03:34'),
(1153, '06007764', 1, 2, 'N', 'Viernes', '2020-06-26', '17:02:10', NULL, '22:21:18', NULL),
(1154, '08102608', 1, 2, 'N', 'Viernes', '2020-06-26', '17:04:45', NULL, '22:55:46', NULL),
(1155, '08900576', 1, 3, 'N', 'Viernes', '2020-06-26', '17:12:36', 'TARDANZA DE 112 MINUTOS', '22:48:10', '2020-07-02 06:48:17'),
(1156, '09682926', 1, 2, 'N', 'Viernes', '2020-06-26', '17:40:44', NULL, '22:49:24', NULL),
(1157, '43279379', 1, 3, 'N', 'Viernes', '2020-06-26', '18:27:31', 'TARDANZA DE 190 MINUTOS', '22:44:20', '2020-07-02 06:30:54'),
(1158, '09253109', 1, 2, 'N', 'Viernes', '2020-06-26', '18:38:09', NULL, '22:27:46', NULL),
(1159, '08958019', 1, 3, 'N', 'Viernes', '2020-06-26', '19:19:20', 'TARDANZA DE 104 MINUTOS', '22:09:01', '2020-07-02 11:03:45'),
(1160, '09582979', 1, 2, 'N', 'Viernes', '2020-06-26', '20:01:37', NULL, '22:20:26', NULL),
(1161, '08958019', 1, 3, 'N', 'Viernes', '2020-06-26', '22:47:07', 'TARDANZA DE 104 MINUTOS', '00:00:00', '2020-07-02 11:03:58'),
(1162, '10751082', 1, 2, 'N', 'Viernes', '2020-06-26', '22:51:14', 'JORNADA COMPLETA DE LA MARCACION ANTERIOR', '22:56:21', '2020-07-02 06:39:08'),
(1163, '10484364', 1, 1, 'N', 'Sabado', '2020-06-27', '15:01:24', NULL, NULL, NULL),
(1323, '43442980', 1, 2, 'D', 'Martes', '2020-06-30', '06:32:05', NULL, '15:16:33', NULL),
(1324, '07241494', 1, 8, 'D', 'Martes', '2020-06-30', '06:58:40', 'SALIO 20 MINUTOS ANTES DE LA JORNADA COMPLETA', '03:40:00', '2020-07-02 10:56:15'),
(1325, '08794524', 1, 2, 'D', 'Martes', '2020-06-30', '07:05:09', NULL, '17:06:45', NULL),
(1326, '70219860', 1, 2, 'D', 'Martes', '2020-06-30', '07:08:51', NULL, '14:11:03', NULL),
(1327, '07863264', 1, 2, 'D', 'Martes', '2020-06-30', '07:11:11', NULL, '16:16:55', NULL),
(1328, '15415656', 1, 2, 'D', 'Martes', '2020-06-30', '07:22:15', NULL, '16:46:06', NULL),
(1329, '07674010', 1, 2, 'D', 'Martes', '2020-06-30', '07:23:13', NULL, '15:59:26', NULL),
(1330, '43924539', 1, 2, 'D', 'Martes', '2020-06-30', '07:23:48', NULL, '10:10:47', NULL),
(1331, '09580069', 1, 2, 'D', 'Martes', '2020-06-30', '07:24:09', NULL, '20:40:07', NULL),
(1332, '09541875', 1, 2, 'D', 'Martes', '2020-06-30', '07:26:14', NULL, '15:53:06', NULL),
(1333, '08391755', 1, 2, 'D', 'Martes', '2020-06-30', '07:28:19', NULL, '14:05:39', NULL),
(1334, '08401157', 1, 2, 'D', 'Martes', '2020-06-30', '07:30:16', NULL, '13:19:09', NULL),
(1335, '43476111', 1, 2, 'D', 'Martes', '2020-06-30', '07:31:13', NULL, '14:09:28', NULL),
(1336, '06195983', 1, 2, 'D', 'Martes', '2020-06-30', '07:31:56', NULL, '14:23:18', NULL),
(1337, '08560779', 1, 2, 'D', 'Martes', '2020-06-30', '07:32:28', NULL, '16:04:37', NULL),
(1338, '72849319', 1, 2, 'D', 'Martes', '2020-06-30', '07:33:41', NULL, '14:43:08', NULL),
(1339, '07147314', 1, 2, 'D', 'Martes', '2020-06-30', '07:34:47', NULL, '15:14:32', NULL),
(1340, '10007876', 1, 2, 'D', 'Martes', '2020-06-30', '07:34:57', NULL, '15:10:38', NULL),
(1341, '09237051', 1, 2, 'D', 'Martes', '2020-06-30', '07:34:58', NULL, '18:13:30', NULL),
(1342, '08362828', 1, 2, 'D', 'Martes', '2020-06-30', '07:34:59', NULL, '18:05:45', NULL),
(1343, '10022020', 1, 4, 'D', 'Martes', '2020-06-30', '07:35:05', 'NRS = NO REGISTRA SALIDA', '00:00:00', '2020-07-02 07:41:24'),
(1344, '41966159', 1, 2, 'D', 'Martes', '2020-06-30', '07:35:13', NULL, '22:29:26', NULL),
(1345, '10718367', 1, 2, 'D', 'Martes', '2020-06-30', '07:35:47', NULL, '14:22:16', NULL),
(1346, '10226614', 1, 2, 'D', 'Martes', '2020-06-30', '07:35:53', NULL, '20:21:55', NULL),
(1347, '09136342', 1, 2, 'D', 'Martes', '2020-06-30', '07:36:11', NULL, '16:23:12', NULL),
(1348, '07909229', 1, 2, 'D', 'Martes', '2020-06-30', '07:38:53', NULL, '17:23:42', NULL),
(1349, '07611148', 1, 2, 'D', 'Martes', '2020-06-30', '07:39:18', NULL, '15:56:50', NULL),
(1350, '08362795', 1, 2, 'D', 'Martes', '2020-06-30', '07:41:14', NULL, '16:50:04', NULL),
(1351, '07035164', 1, 2, 'D', 'Martes', '2020-06-30', '07:41:50', NULL, '18:09:21', NULL),
(1352, '44807430', 1, 2, 'D', 'Martes', '2020-06-30', '07:41:51', NULL, '15:59:56', NULL),
(1353, '45124334', 1, 2, 'D', 'Martes', '2020-06-30', '07:42:41', NULL, '15:10:40', NULL),
(1354, '40899608', 1, 2, 'D', 'Martes', '2020-06-30', '07:43:23', NULL, '18:04:53', NULL),
(1355, '10015145', 1, 4, 'D', 'Martes', '2020-06-30', '07:43:50', 'NRS = NO REGISTRA SALIDA', '00:00:00', '2020-07-02 07:18:26'),
(1356, '15604382', 1, 2, 'D', 'Martes', '2020-06-30', '07:44:54', NULL, '21:37:11', NULL),
(1357, '10650976', 1, 2, 'D', 'Martes', '2020-06-30', '07:46:05', NULL, '15:02:41', NULL),
(1358, '10338978', 1, 2, 'D', 'Martes', '2020-06-30', '07:46:37', NULL, '15:15:02', NULL),
(1359, '08422154', 1, 2, 'D', 'Martes', '2020-06-30', '07:46:41', NULL, '16:23:16', NULL),
(1360, '07405481', 1, 2, 'D', 'Martes', '2020-06-30', '07:46:50', NULL, '13:55:09', NULL),
(1361, '08265137', 1, 2, 'D', 'Martes', '2020-06-30', '07:47:25', NULL, '16:02:34', NULL),
(1362, '07672853', 1, 2, 'D', 'Martes', '2020-06-30', '07:47:34', NULL, '18:02:09', NULL),
(1363, '07218435', 1, 2, 'D', 'Martes', '2020-06-30', '07:47:41', NULL, '18:26:21', NULL),
(1364, '10524996', 1, 2, 'D', 'Martes', '2020-06-30', '07:47:54', NULL, '15:34:56', NULL),
(1365, '08353251', 1, 2, 'D', 'Martes', '2020-06-30', '07:48:06', NULL, '16:15:32', NULL),
(1366, '09120859', 1, 2, 'D', 'Martes', '2020-06-30', '07:48:37', NULL, '16:01:13', NULL),
(1367, '19944586', 1, 2, 'D', 'Martes', '2020-06-30', '07:49:31', NULL, '13:13:03', NULL),
(1368, '06245204', 1, 2, 'D', 'Martes', '2020-06-30', '07:49:33', NULL, '18:08:12', NULL),
(1369, '70008397', 1, 2, 'D', 'Martes', '2020-06-30', '07:50:47', NULL, '15:12:17', NULL),
(1370, '10087395', 1, 2, 'D', 'Martes', '2020-06-30', '07:51:11', NULL, '16:07:04', NULL),
(1371, '08766287', 1, 2, 'D', 'Martes', '2020-06-30', '07:52:14', NULL, '15:14:24', NULL),
(1372, '10447682', 1, 2, 'D', 'Martes', '2020-06-30', '07:53:14', NULL, '15:48:00', NULL),
(1373, '41292845', 1, 2, 'D', 'Martes', '2020-06-30', '07:53:43', NULL, '13:20:36', NULL),
(1374, '08547142', 1, 2, 'D', 'Martes', '2020-06-30', '07:54:27', NULL, '17:23:01', NULL),
(1375, '10098289', 1, 4, 'D', 'Martes', '2020-06-30', '07:55:57', 'NRS = NO REGISTRA SALIDA', '00:00:00', '2020-07-02 06:42:10'),
(1376, '16120909', 1, 2, 'D', 'Martes', '2020-06-30', '07:56:06', NULL, '15:00:10', NULL),
(1377, '08952014', 1, 2, 'D', 'Martes', '2020-06-30', '07:56:30', NULL, '15:06:04', NULL),
(1378, '06058629', 1, 2, 'D', 'Martes', '2020-06-30', '07:56:54', NULL, '16:15:20', NULL),
(1379, '18098269', 1, 2, 'D', 'Martes', '2020-06-30', '07:57:12', NULL, '15:16:08', NULL),
(1380, '09682926', 1, 2, 'D', 'Martes', '2020-06-30', '07:57:46', NULL, '13:35:27', NULL),
(1381, '44628281', 1, 2, 'D', 'Martes', '2020-06-30', '07:58:26', NULL, '11:18:51', NULL),
(1382, '41426972', 1, 2, 'D', 'Martes', '2020-06-30', '07:58:29', NULL, '18:48:25', NULL),
(1383, '06563877', 1, 2, 'D', 'Martes', '2020-06-30', '08:01:17', NULL, '16:16:47', NULL),
(1384, '09721083', 1, 2, 'D', 'Martes', '2020-06-30', '08:03:06', NULL, '13:40:06', NULL),
(1385, '16168702', 1, 2, 'D', 'Martes', '2020-06-30', '08:03:43', NULL, '16:07:07', NULL),
(1386, '08958019', 1, 3, 'D', 'Martes', '2020-06-30', '08:05:59', NULL, '20:34:52', NULL),
(1387, '29556963', 1, 2, 'D', 'Martes', '2020-06-30', '08:00:36', ' ', '23:22:11', '2020-07-02 07:37:24'),
(1388, '09827810', 1, 2, 'D', 'Martes', '2020-06-30', '08:15:58', NULL, '13:56:05', NULL),
(1389, '21864142', 1, 3, 'D', 'Martes', '2020-06-30', '08:17:08', 'TARDANZA DE 17 MINUTOS', '14:54:35', '2020-07-02 05:52:54'),
(1390, '07026470', 1, 2, 'D', 'Martes', '2020-06-30', '08:41:08', NULL, '13:15:52', NULL),
(1391, '40034231', 1, 2, 'D', 'Martes', '2020-06-30', '09:02:39', '. ', '23:50:00', '2020-07-01 02:11:36'),
(1392, '74085764', 1, 8, 'D', 'Martes', '2020-06-30', '10:00:45', NULL, '10:00:52', NULL),
(1393, '21527619', 1, 2, 'D', 'Martes', '2020-06-30', '11:25:28', ' ', '23:48:17', '2020-07-02 11:09:54'),
(1394, '08009557', 1, 2, 'D', 'Martes', '2020-06-30', '12:29:06', ' ', '20:35:06', '2020-07-02 10:57:51'),
(1395, '06088867', 1, 2, 'N', 'Martes', '2020-06-30', '13:08:43', NULL, '22:25:57', NULL),
(1396, '10519723', 1, 2, 'N', 'Martes', '2020-06-30', '14:17:34', NULL, '22:41:00', NULL),
(1397, '10331060', 1, 2, 'N', 'Martes', '2020-06-30', '14:22:48', NULL, '22:26:11', NULL),
(1398, '43279379', 1, 4, 'N', 'Martes', '2020-06-30', '14:24:39', 'NRS = NO REGISTRA SALIDA', '00:00:00', '2020-07-02 06:31:42'),
(1399, '10866510', 1, 2, 'N', 'Martes', '2020-06-30', '14:25:13', NULL, '22:20:06', NULL),
(1400, '06691798', 1, 2, 'N', 'Martes', '2020-06-30', '14:32:46', NULL, '22:40:46', NULL),
(1401, '40228607', 1, 2, 'N', 'Martes', '2020-06-30', '14:40:19', NULL, '22:53:33', NULL),
(1402, '08404484', 1, 2, 'N', 'Martes', '2020-06-30', '14:46:42', NULL, '22:21:41', NULL),
(1403, '08086960', 1, 2, 'N', 'Martes', '2020-06-30', '14:49:08', NULL, '22:41:05', NULL),
(1404, '08781895', 1, 2, 'N', 'Martes', '2020-06-30', '14:49:17', NULL, '22:20:03', NULL),
(1405, '42848773', 1, 2, 'N', 'Martes', '2020-06-30', '14:51:46', NULL, '22:21:49', NULL),
(1406, '41739825', 1, 2, 'N', 'Martes', '2020-06-30', '14:58:28', NULL, '22:18:13', NULL),
(1407, '21860621', 1, 2, 'N', 'Martes', '2020-06-30', '14:59:10', NULL, '22:22:32', NULL),
(1408, '45983867', 1, 2, 'N', 'Martes', '2020-06-30', '15:00:36', NULL, '22:30:52', NULL),
(1409, '40032759', 1, 2, 'N', 'Martes', '2020-06-30', '15:00:44', NULL, '22:24:59', NULL),
(1410, '42646856', 1, 2, 'N', 'Martes', '2020-06-30', '15:02:17', NULL, '22:23:19', NULL),
(1411, '16168594', 1, 2, 'N', 'Martes', '2020-06-30', '15:02:48', NULL, '22:34:17', NULL),
(1412, '09086507', 1, 2, 'N', 'Martes', '2020-06-30', '15:03:52', NULL, '22:35:32', NULL),
(1413, '10809045', 1, 2, 'N', 'Martes', '2020-06-30', '15:07:40', NULL, '22:25:11', NULL),
(1414, '09546471', 1, 2, 'N', 'Martes', '2020-06-30', '15:09:43', NULL, '22:29:58', NULL),
(1415, '25619982', 1, 2, 'N', 'Martes', '2020-06-30', '15:15:47', NULL, '22:41:41', NULL),
(1416, '18098269', 1, 2, 'N', 'Martes', '2020-06-30', '15:16:15', NULL, '22:29:30', NULL),
(1417, '09409485', 1, 4, 'N', 'Martes', '2020-06-30', '15:16:29', 'NRS = NO REGISTRA SALIDA', '00:00:00', '2020-07-02 07:16:27'),
(1418, '06993247', 1, 4, 'N', 'Martes', '2020-06-30', '15:16:31', 'NRS = NO REGISTRA SALIDA', '00:00:00', '2020-07-02 07:13:38'),
(1419, '10484364', 1, 2, 'N', 'Martes', '2020-06-30', '15:17:50', NULL, '23:15:08', NULL),
(1420, '08900576', 1, 2, 'N', 'Martes', '2020-06-30', '15:31:51', NULL, '23:27:10', NULL),
(1421, '09405771', 1, 2, 'N', 'Martes', '2020-06-30', '15:58:15', NULL, '23:06:02', NULL),
(1422, '48666856', 1, 2, 'N', 'Martes', '2020-06-30', '15:59:52', NULL, '22:58:31', NULL),
(1423, '70295941', 1, 2, 'N', 'Martes', '2020-06-30', '16:00:50', NULL, '22:49:08', NULL),
(1424, '44022944', 1, 2, 'N', 'Martes', '2020-06-30', '16:11:15', NULL, '22:34:50', NULL),
(1425, '10037324', 1, 2, 'N', 'Martes', '2020-06-30', '16:13:19', NULL, '22:39:27', NULL),
(1426, '08102608', 1, 4, 'N', 'Martes', '2020-06-30', '16:15:27', 'NRS = NO REGISTRA SALIDA', '00:00:00', '2020-07-02 06:21:57'),
(1427, '06000089', 1, 2, 'N', 'Martes', '2020-06-30', '16:24:49', NULL, '22:21:09', NULL),
(1428, '10014826', 1, 4, 'N', 'Martes', '2020-06-30', '16:31:39', 'NRS = NO REGISTRA SALIDA', '00:00:00', '2020-07-02 07:44:14'),
(1429, '09582979', 1, 2, 'N', 'Martes', '2020-06-30', '16:39:15', NULL, '22:25:50', NULL),
(1430, '08401157', 1, 2, 'N', 'Martes', '2020-06-30', '16:40:06', 'REGISTRO DOBLE DE LA JORNADA COMPLETA', '16:40:00', '2020-07-02 06:15:31'),
(1431, '10751082', 1, 2, 'N', 'Martes', '2020-06-30', '16:51:08', NULL, '22:21:03', NULL),
(1432, '08806618', 1, 2, 'N', 'Martes', '2020-06-30', '17:03:16', NULL, '22:29:15', NULL),
(1433, '06007764', 1, 2, 'N', 'Martes', '2020-06-30', '17:13:25', NULL, '22:21:14', NULL),
(1434, '43924539', 1, 2, 'N', 'Martes', '2020-06-30', '17:31:43', NULL, '22:12:52', NULL),
(1435, '07569381', 1, 3, 'N', 'Martes', '2020-06-30', '17:47:28', 'TARDANZA DE 147 MINUTOS', '22:34:06', '2020-07-02 11:33:59'),
(1436, '44859897', 1, 4, 'N', 'Martes', '2020-06-30', '17:49:54', 'NRS = NO REGISTRA SALIDA', '00:00:00', '2020-07-02 07:22:06'),
(1437, '40305202', 1, 3, 'N', 'Martes', '2020-06-30', '19:17:34', 'TARDANZA DE 242 MINUTOS', '22:29:02', '2020-07-02 07:33:16'),
(1438, '06245204', 1, 8, 'N', 'Martes', '2020-06-30', '22:56:21', NULL, '22:56:27', NULL),
(1439, '09121894', 1, 6, NULL, 'Martes', '2020-06-30', '00:00:00', 'LEY N°30512', '00:00:00', '2020-07-02 07:53:40'),
(1440, '10348997', 1, 6, NULL, 'Martes', '2020-06-30', '00:00:00', 'LEY N°30512', '00:00:00', '2020-07-02 09:38:47'),
(1441, '07893052', 1, 4, NULL, 'Martes', '2020-06-30', '00:00:00', 'NO REGISTRA MARCACION ', '00:00:00', '2020-07-02 11:06:42'),
(1442, '40174999', 1, 4, NULL, 'Martes', '2020-06-30', '00:00:00', 'NO EFECTUA MARCACION DE LABORES', '00:00:00', '2020-07-02 06:27:26'),
(1443, '09289133', 1, 4, NULL, 'Martes', '2020-06-30', NULL, NULL, NULL, NULL),
(1446, '09130661', 1, 4, NULL, 'Martes', '2020-06-30', NULL, NULL, NULL, NULL),
(1447, '19557438', 1, 4, NULL, 'Martes', '2020-06-30', NULL, NULL, NULL, NULL),
(1448, '09129625', 1, 4, NULL, 'Martes', '2020-06-30', NULL, NULL, NULL, NULL),
(1449, '08408971', 1, 4, NULL, 'Martes', '2020-06-30', NULL, NULL, NULL, NULL),
(1450, '08427885', 1, 4, NULL, 'Martes', '2020-06-30', NULL, NULL, NULL, NULL),
(1451, '08360014', 1, 4, NULL, 'Martes', '2020-06-30', NULL, NULL, NULL, NULL),
(1452, '08350123', 1, 4, NULL, 'Martes', '2020-06-30', NULL, NULL, NULL, NULL),
(1453, '08398587', 1, 4, NULL, 'Martes', '2020-06-30', NULL, NULL, NULL, NULL),
(1454, '08943710', 1, 4, NULL, 'Martes', '2020-06-30', NULL, NULL, NULL, NULL),
(1455, '06276805', 1, 4, NULL, 'Martes', '2020-06-30', NULL, NULL, NULL, NULL),
(1456, '43442980', 1, 2, 'D', 'Miercoles', '2020-07-01', '06:31:19', NULL, '15:16:06', NULL),
(1457, '40032759', 1, 2, 'D', 'Miercoles', '2020-07-01', '06:46:14', NULL, '15:12:37', NULL),
(1458, '15604382', 1, 2, 'D', 'Miercoles', '2020-07-01', '06:51:25', NULL, '16:44:48', NULL),
(1459, '07863264', 1, 2, 'D', 'Miercoles', '2020-07-01', '06:51:39', NULL, '15:16:43', NULL),
(1460, '07909229', 1, 2, 'D', 'Miercoles', '2020-07-01', '07:02:01', NULL, '15:53:00', NULL),
(1461, '15415656', 1, 2, 'D', 'Miercoles', '2020-07-01', '07:02:45', NULL, '17:10:39', NULL),
(1462, '07241494', 1, 2, 'D', 'Miercoles', '2020-07-01', '07:13:03', NULL, '23:14:39', NULL),
(1463, '08391755', 1, 2, 'D', 'Miercoles', '2020-07-01', '07:15:15', NULL, '14:27:00', NULL),
(1464, '08794524', 1, 2, 'D', 'Miercoles', '2020-07-01', '07:15:23', NULL, '16:46:10', NULL),
(1465, '07674010', 1, 2, 'D', 'Miercoles', '2020-07-01', '07:16:02', NULL, '16:02:18', NULL),
(1466, '21527619', 1, 2, 'D', 'Miercoles', '2020-07-01', '07:17:50', NULL, '16:41:08', NULL),
(1467, '09405771', 1, 2, 'D', 'Miercoles', '2020-07-01', '07:21:03', NULL, '13:56:26', NULL),
(1468, '09541875', 1, 2, 'D', 'Miercoles', '2020-07-01', '07:22:04', NULL, '15:41:28', NULL),
(1469, '70008397', 1, 2, 'D', 'Miercoles', '2020-07-01', '07:26:17', NULL, '14:10:37', NULL),
(1470, '09580069', 1, 4, 'D', 'Miercoles', '2020-07-01', '07:26:53', NULL, NULL, NULL),
(1471, '42848773', 1, 2, 'D', 'Miercoles', '2020-07-01', '07:27:28', NULL, '15:40:10', NULL),
(1472, '10331060', 1, 2, 'D', 'Miercoles', '2020-07-01', '07:27:33', NULL, '15:33:08', NULL),
(1473, '09121894', 1, 2, 'D', 'Miercoles', '2020-07-01', '07:27:44', NULL, '17:46:50', NULL),
(1474, '06000089', 1, 2, 'D', 'Miercoles', '2020-07-01', '07:30:47', NULL, '14:20:51', NULL),
(1475, '07147314', 1, 2, 'D', 'Miercoles', '2020-07-01', '07:30:52', NULL, '15:22:12', NULL),
(1476, '10007876', 1, 2, 'D', 'Miercoles', '2020-07-01', '07:30:53', NULL, '15:23:22', NULL),
(1477, '43476111', 1, 2, 'D', 'Miercoles', '2020-07-01', '07:30:57', NULL, '14:11:26', NULL),
(1478, '09237051', 1, 4, 'D', 'Miercoles', '2020-07-01', '07:31:02', NULL, NULL, NULL),
(1479, '10866510', 1, 2, 'D', 'Miercoles', '2020-07-01', '07:32:27', NULL, '15:50:36', NULL),
(1480, '08766287', 1, 2, 'D', 'Miercoles', '2020-07-01', '07:32:34', NULL, '15:09:24', NULL),
(1481, '08401157', 1, 2, 'D', 'Miercoles', '2020-07-01', '07:32:38', NULL, '13:48:01', NULL),
(1482, '16168702', 1, 2, 'D', 'Miercoles', '2020-07-01', '07:36:12', NULL, '15:37:26', NULL),
(1483, '10718367', 1, 2, 'D', 'Miercoles', '2020-07-01', '07:36:38', NULL, '14:01:30', NULL),
(1484, '08362828', 1, 2, 'D', 'Miercoles', '2020-07-01', '07:39:09', NULL, '17:06:09', NULL),
(1485, '07035164', 1, 2, 'D', 'Miercoles', '2020-07-01', '07:39:36', NULL, '16:00:41', NULL),
(1486, '70219860', 1, 2, 'D', 'Miercoles', '2020-07-01', '07:40:18', NULL, '14:11:43', NULL),
(1487, '10226614', 1, 4, 'D', 'Miercoles', '2020-07-01', '07:40:32', NULL, NULL, NULL),
(1488, '09409485', 1, 2, 'D', 'Miercoles', '2020-07-01', '07:40:40', NULL, '15:02:21', NULL),
(1489, '08958019', 1, 2, 'D', 'Miercoles', '2020-07-01', '07:40:47', NULL, '23:18:27', NULL),
(1490, '41966159', 1, 4, 'D', 'Miercoles', '2020-07-01', '07:41:33', NULL, NULL, NULL),
(1491, '08353251', 1, 2, 'D', 'Miercoles', '2020-07-01', '07:41:42', NULL, '16:22:49', NULL),
(1492, '29556963', 1, 2, 'D', 'Miercoles', '2020-07-01', '07:42:43', NULL, '22:04:22', NULL),
(1493, '07218435', 1, 2, 'D', 'Miercoles', '2020-07-01', '07:43:01', NULL, '17:47:15', NULL),
(1494, '08009557', 1, 2, 'D', 'Miercoles', '2020-07-01', '07:44:12', NULL, '21:51:34', NULL),
(1495, '07672853', 1, 2, 'D', 'Miercoles', '2020-07-01', '07:44:38', NULL, '18:23:18', NULL),
(1496, '45124334', 1, 2, 'D', 'Miercoles', '2020-07-01', '07:44:52', NULL, '15:07:06', NULL),
(1497, '40174999', 1, 2, 'D', 'Miercoles', '2020-07-01', '07:46:02', NULL, '15:15:16', NULL),
(1498, '09582979', 1, 2, 'D', 'Miercoles', '2020-07-01', '07:47:00', NULL, '16:26:14', NULL),
(1499, '72849319', 1, 2, 'D', 'Miercoles', '2020-07-01', '07:47:33', NULL, '23:55:52', NULL),
(1500, '40305202', 1, 2, 'D', 'Miercoles', '2020-07-01', '07:47:33', NULL, '19:50:54', NULL),
(1501, '08422154', 1, 2, 'D', 'Miercoles', '2020-07-01', '07:47:39', NULL, '16:29:02', NULL),
(1502, '09086507', 1, 2, 'D', 'Miercoles', '2020-07-01', '07:48:31', NULL, '20:42:52', NULL),
(1503, '08781895', 1, 2, 'D', 'Miercoles', '2020-07-01', '07:50:03', NULL, '16:15:44', NULL),
(1504, '41739825', 1, 2, 'D', 'Miercoles', '2020-07-01', '07:50:23', NULL, '15:04:04', NULL),
(1505, '10751082', 1, 2, 'D', 'Miercoles', '2020-07-01', '07:50:47', NULL, '13:21:53', NULL),
(1506, '42646856', 1, 2, 'D', 'Miercoles', '2020-07-01', '07:50:55', NULL, '15:20:54', NULL),
(1507, '07405481', 1, 2, 'D', 'Miercoles', '2020-07-01', '07:51:02', NULL, '16:20:54', NULL),
(1508, '10447682', 1, 2, 'D', 'Miercoles', '2020-07-01', '07:51:41', NULL, '15:48:44', NULL),
(1509, '40899608', 1, 4, 'D', 'Miercoles', '2020-07-01', '07:52:39', NULL, NULL, NULL),
(1510, '06088867', 1, 2, 'D', 'Miercoles', '2020-07-01', '07:53:43', NULL, '16:22:34', NULL),
(1511, '10348997', 1, 2, 'D', 'Miercoles', '2020-07-01', '07:55:15', NULL, '15:58:33', NULL),
(1512, '10087395', 1, 2, 'D', 'Miercoles', '2020-07-01', '07:55:26', NULL, '15:03:59', NULL),
(1513, '09546471', 1, 2, 'D', 'Miercoles', '2020-07-01', '07:56:47', NULL, '15:47:04', NULL),
(1514, '06058629', 1, 2, 'D', 'Miercoles', '2020-07-01', '07:56:54', NULL, '16:16:45', NULL),
(1515, '06563877', 1, 2, 'D', 'Miercoles', '2020-07-01', '07:56:57', NULL, '16:20:41', NULL),
(1516, '06245204', 1, 2, 'D', 'Miercoles', '2020-07-01', '07:57:01', NULL, '16:24:05', NULL),
(1517, '08952014', 1, 2, 'D', 'Miercoles', '2020-07-01', '07:57:02', NULL, '15:03:55', NULL),
(1518, '16120909', 1, 2, 'D', 'Miercoles', '2020-07-01', '07:57:13', NULL, '15:00:05', NULL),
(1519, '08404484', 1, 2, 'D', 'Miercoles', '2020-07-01', '07:59:28', NULL, '16:26:14', NULL),
(1520, '41426972', 1, 2, 'D', 'Miercoles', '2020-07-01', '08:00:04', NULL, '21:21:10', NULL),
(1521, '18098269', 1, 2, 'D', 'Miercoles', '2020-07-01', '08:00:16', NULL, '16:46:14', NULL),
(1522, '07956490', 1, 2, 'D', 'Miercoles', '2020-07-01', '08:00:59', NULL, '15:13:08', NULL),
(1523, '09120859', 1, 2, 'D', 'Miercoles', '2020-07-01', '08:01:46', NULL, '15:19:48', NULL),
(1524, '10022020', 1, 3, 'D', 'Miercoles', '2020-07-01', '08:05:51', NULL, '15:58:41', NULL),
(1525, '09827810', 1, 2, 'D', 'Miercoles', '2020-07-01', '08:11:54', NULL, '13:00:30', NULL),
(1526, '08547142', 1, 3, 'D', 'Miercoles', '2020-07-01', '08:20:51', NULL, '16:46:44', NULL),
(1527, '10524996', 1, 3, 'D', 'Miercoles', '2020-07-01', '08:27:58', NULL, '19:08:45', NULL),
(1528, '07026470', 1, 2, 'D', 'Miercoles', '2020-07-01', '08:45:35', NULL, '13:18:19', NULL),
(1529, '40034231', 1, 3, 'D', 'Miercoles', '2020-07-01', '08:06:42', ' ', '20:43:33', '2020-07-01 09:36:49'),
(1530, '09721083', 1, 4, 'D', 'Miercoles', '2020-07-01', '09:18:51', NULL, NULL, NULL),
(1531, '43279379', 1, 8, 'D', 'Miercoles', '2020-07-01', '10:11:03', NULL, '10:11:07', NULL),
(1532, '10519723', 1, 2, 'N', 'Miercoles', '2020-07-01', '14:14:45', NULL, '22:34:15', NULL),
(1533, '08560779', 1, 2, 'N', 'Miercoles', '2020-07-01', '14:27:49', NULL, '22:34:43', NULL),
(1534, '06691798', 1, 2, 'N', 'Miercoles', '2020-07-01', '14:31:15', NULL, '22:50:21', NULL),
(1535, '08086960', 1, 4, 'N', 'Miercoles', '2020-07-01', '14:39:52', NULL, NULL, NULL),
(1536, '40228607', 1, 2, 'N', 'Miercoles', '2020-07-01', '14:46:47', NULL, '23:20:36', NULL),
(1537, '44807430', 1, 2, 'N', 'Miercoles', '2020-07-01', '14:58:04', NULL, '22:38:29', NULL),
(1538, '10338978', 1, 2, 'N', 'Miercoles', '2020-07-01', '15:01:05', NULL, '22:25:36', NULL),
(1539, '45983867', 1, 2, 'N', 'Miercoles', '2020-07-01', '15:05:29', NULL, '22:31:48', NULL),
(1540, '07569381', 1, 2, 'N', 'Miercoles', '2020-07-01', '15:05:32', NULL, '22:24:53', NULL),
(1541, '43279379', 1, 2, 'N', 'Miercoles', '2020-07-01', '15:09:11', NULL, '22:31:28', NULL),
(1542, '10650976', 1, 2, 'N', 'Miercoles', '2020-07-01', '15:10:38', NULL, '22:28:49', NULL),
(1543, '08900576', 1, 2, 'N', 'Miercoles', '2020-07-01', '15:11:01', NULL, '22:22:05', NULL),
(1544, '10809045', 1, 2, 'N', 'Miercoles', '2020-07-01', '15:12:05', NULL, '22:25:01', NULL),
(1545, '25619982', 1, 2, 'N', 'Miercoles', '2020-07-01', '15:15:23', NULL, '22:24:40', NULL),
(1546, '10098289', 1, 2, 'N', 'Miercoles', '2020-07-01', '15:17:04', NULL, '22:52:12', NULL),
(1547, '09120859', 1, 2, 'N', 'Miercoles', '2020-07-01', '15:19:54', NULL, '22:37:14', NULL),
(1548, '21860621', 1, 2, 'N', 'Miercoles', '2020-07-01', '15:29:10', NULL, '22:24:02', NULL),
(1549, '10484364', 1, 2, 'N', 'Miercoles', '2020-07-01', '15:35:33', NULL, '22:42:53', NULL),
(1550, '09136342', 1, 2, 'N', 'Miercoles', '2020-07-01', '15:36:03', NULL, '22:42:54', NULL),
(1551, '09541875', 1, 2, 'N', 'Miercoles', '2020-07-01', '15:41:36', NULL, '22:56:27', NULL),
(1552, '21864142', 1, 2, 'N', 'Miercoles', '2020-07-01', '15:43:56', NULL, '22:57:15', NULL),
(1553, '70295941', 1, 2, 'N', 'Miercoles', '2020-07-01', '16:00:22', NULL, '22:40:39', NULL),
(1554, '44022944', 1, 2, 'N', 'Miercoles', '2020-07-01', '16:06:20', NULL, '22:43:43', NULL),
(1555, '10037324', 1, 2, 'N', 'Miercoles', '2020-07-01', '16:09:00', NULL, '22:30:04', NULL),
(1556, '48666856', 1, 2, 'N', 'Miercoles', '2020-07-01', '16:18:47', NULL, '22:21:16', NULL),
(1557, '10014826', 1, 2, 'N', 'Miercoles', '2020-07-01', '16:20:51', NULL, '22:26:45', NULL),
(1558, '16168594', 1, 2, 'N', 'Miercoles', '2020-07-01', '16:22:48', NULL, '22:24:30', NULL),
(1559, '08102608', 1, 2, 'N', 'Miercoles', '2020-07-01', '16:23:13', NULL, '22:28:40', NULL),
(1560, '08362795', 1, 8, 'N', 'Miercoles', '2020-07-01', '16:30:41', NULL, '16:31:09', NULL),
(1561, '06195983', 1, 2, 'N', 'Miercoles', '2020-07-01', '16:31:05', NULL, '23:06:15', NULL),
(1562, '07611148', 1, 2, 'N', 'Miercoles', '2020-07-01', '16:41:01', NULL, '22:34:17', NULL),
(1563, '08265137', 1, 2, 'N', 'Miercoles', '2020-07-01', '16:53:45', NULL, '22:28:53', NULL),
(1564, '19944586', 1, 2, 'N', 'Miercoles', '2020-07-01', '16:54:03', NULL, '22:27:14', NULL),
(1565, '06007764', 1, 2, 'N', 'Miercoles', '2020-07-01', '17:02:23', NULL, '22:20:53', NULL),
(1566, '41292845', 1, 2, 'N', 'Miercoles', '2020-07-01', '17:03:19', NULL, '22:28:51', NULL),
(1567, '10015145', 1, 4, 'N', 'Miercoles', '2020-07-01', '17:13:41', NULL, NULL, NULL),
(1568, '43924539', 1, 2, 'N', 'Miercoles', '2020-07-01', '17:20:17', NULL, '20:49:35', NULL),
(1569, '08480056', 1, 2, 'N', 'Miercoles', '2020-07-01', '17:21:35', NULL, '22:22:09', NULL),
(1570, '09253109', 1, 2, 'N', 'Miercoles', '2020-07-01', '17:23:49', NULL, '22:29:26', NULL),
(1571, '08806618', 1, 8, 'N', 'Miercoles', '2020-07-01', '19:51:37', NULL, '22:21:10', NULL),
(1572, '74085764', 1, 8, 'D', 'Jueves', '2020-07-02', '00:51:29', NULL, '00:51:37', NULL),
(1573, '43442980', 1, 4, 'D', 'Jueves', '2020-07-02', '06:31:18', NULL, NULL, NULL),
(1574, '07863264', 1, 2, 'D', 'Jueves', '2020-07-02', '06:48:18', NULL, '19:00:11', NULL),
(1575, '09121894', 1, 2, 'D', 'Jueves', '2020-07-02', '07:01:55', NULL, '17:41:01', NULL),
(1576, '15415656', 1, 2, 'D', 'Jueves', '2020-07-02', '07:16:23', NULL, '16:17:21', NULL),
(1577, '07035164', 1, 2, 'D', 'Jueves', '2020-07-02', '07:16:45', NULL, '17:17:23', NULL),
(1578, '09541875', 1, 2, 'D', 'Jueves', '2020-07-02', '07:24:58', NULL, '16:22:47', NULL),
(1579, '40034231', 1, 2, 'D', 'Jueves', '2020-07-02', '07:27:09', NULL, '22:54:26', NULL),
(1580, '42848773', 1, 2, 'D', 'Jueves', '2020-07-02', '07:27:09', NULL, '15:19:44', NULL),
(1581, '07893052', 1, 4, NULL, 'Miercoles', '2020-07-01', NULL, NULL, NULL, NULL),
(1582, '06993247', 1, 4, NULL, 'Miercoles', '2020-07-01', NULL, NULL, NULL, NULL),
(1583, '09289133', 1, 4, NULL, 'Miercoles', '2020-07-01', NULL, NULL, NULL, NULL),
(1584, '74085764', 1, 4, NULL, 'Miercoles', '2020-07-01', NULL, NULL, NULL, NULL),
(1585, '09130661', 1, 4, NULL, 'Miercoles', '2020-07-01', NULL, NULL, NULL, NULL),
(1586, '19557438', 1, 4, NULL, 'Miercoles', '2020-07-01', NULL, NULL, NULL, NULL),
(1587, '09129625', 1, 4, NULL, 'Miercoles', '2020-07-01', NULL, NULL, NULL, NULL),
(1588, '08408971', 1, 4, NULL, 'Miercoles', '2020-07-01', NULL, NULL, NULL, NULL),
(1589, '08427885', 1, 4, NULL, 'Miercoles', '2020-07-01', NULL, NULL, NULL, NULL),
(1590, '08360014', 1, 4, NULL, 'Miercoles', '2020-07-01', NULL, NULL, NULL, NULL),
(1591, '08350123', 1, 4, NULL, 'Miercoles', '2020-07-01', NULL, NULL, NULL, NULL),
(1592, '08398587', 1, 4, NULL, 'Miercoles', '2020-07-01', NULL, NULL, NULL, NULL),
(1593, '08943710', 1, 4, NULL, 'Miercoles', '2020-07-01', NULL, NULL, NULL, NULL),
(1594, '06276805', 1, 4, NULL, 'Miercoles', '2020-07-01', NULL, NULL, NULL, NULL),
(1599, '10524996', 1, 2, 'D', 'Jueves', '2020-07-02', '07:29:01', NULL, '14:30:15', NULL),
(1600, '09253109', 1, 2, 'D', 'Jueves', '2020-07-02', '07:29:36', NULL, '14:02:27', NULL),
(1601, '15604382', 1, 2, 'D', 'Jueves', '2020-07-02', '07:29:50', NULL, '21:21:31', NULL),
(1602, '40174999', 1, 2, 'D', 'Jueves', '2020-07-02', '07:30:24', NULL, '15:25:12', NULL),
(1603, '10007876', 1, 2, 'D', 'Jueves', '2020-07-02', '07:30:38', NULL, '15:15:41', NULL),
(1604, '09237051', 1, 2, 'D', 'Jueves', '2020-07-02', '07:31:42', NULL, '16:40:03', NULL),
(1605, '70219860', 1, 2, 'D', 'Jueves', '2020-07-02', '07:32:45', NULL, '14:09:09', NULL),
(1606, '44859897', 1, 2, 'D', 'Jueves', '2020-07-02', '07:35:00', NULL, '10:00:05', NULL),
(1607, '40899608', 1, 2, 'D', 'Jueves', '2020-07-02', '07:36:12', NULL, '20:14:47', NULL),
(1608, '10718367', 1, 2, 'D', 'Jueves', '2020-07-02', '07:36:56', NULL, '13:15:26', NULL),
(1609, '07674010', 1, 4, 'D', 'Jueves', '2020-07-02', '07:38:06', NULL, NULL, NULL),
(1610, '08401157', 1, 2, 'D', 'Jueves', '2020-07-02', '07:38:15', NULL, '14:42:14', NULL),
(1611, '29556963', 1, 2, 'D', 'Jueves', '2020-07-02', '07:39:35', NULL, '19:06:23', NULL),
(1612, '72849319', 1, 2, 'D', 'Jueves', '2020-07-02', '07:40:19', NULL, '14:15:23', NULL),
(1613, '10226614', 1, 2, 'D', 'Jueves', '2020-07-02', '07:40:23', NULL, '17:01:10', NULL),
(1614, '08362795', 1, 2, 'D', 'Jueves', '2020-07-02', '07:40:42', NULL, '20:48:10', NULL),
(1615, '41966159', 1, 2, 'D', 'Jueves', '2020-07-02', '07:40:48', NULL, '21:50:28', NULL),
(1616, '07218435', 1, 2, 'D', 'Jueves', '2020-07-02', '07:42:40', NULL, '17:46:43', NULL),
(1617, '08958019', 1, 2, 'D', 'Jueves', '2020-07-02', '07:42:47', NULL, '15:25:52', NULL),
(1618, '07241494', 1, 4, 'D', 'Jueves', '2020-07-02', '07:43:08', NULL, NULL, NULL),
(1619, '25619982', 1, 2, 'D', 'Jueves', '2020-07-02', '07:43:39', NULL, '15:26:06', NULL),
(1620, '43476111', 1, 2, 'D', 'Jueves', '2020-07-02', '07:43:46', NULL, '14:16:42', NULL),
(1621, '08353251', 1, 2, 'D', 'Jueves', '2020-07-02', '07:44:51', NULL, '16:32:21', NULL),
(1622, '08547142', 1, 2, 'D', 'Jueves', '2020-07-02', '07:45:12', NULL, '16:52:00', NULL),
(1623, '70008397', 1, 2, 'D', 'Jueves', '2020-07-02', '07:45:13', NULL, '16:39:58', NULL),
(1624, '08404484', 1, 2, 'D', 'Jueves', '2020-07-02', '07:45:23', NULL, '19:49:14', NULL),
(1625, '08009557', 1, 2, 'D', 'Jueves', '2020-07-02', '07:45:39', NULL, '18:05:44', NULL),
(1626, '09405771', 1, 2, 'D', 'Jueves', '2020-07-02', '07:46:04', NULL, '14:07:49', NULL),
(1627, '08422154', 1, 2, 'D', 'Jueves', '2020-07-02', '07:46:37', NULL, '16:25:12', NULL),
(1628, '16168594', 1, 2, 'D', 'Jueves', '2020-07-02', '07:47:01', NULL, '16:22:43', NULL),
(1629, '10338978', 1, 2, 'D', 'Jueves', '2020-07-02', '07:47:18', NULL, '15:10:43', NULL),
(1630, '10650976', 1, 2, 'D', 'Jueves', '2020-07-02', '07:47:41', NULL, '15:10:21', NULL),
(1631, '45124334', 1, 2, 'D', 'Jueves', '2020-07-02', '07:47:50', NULL, '15:05:57', NULL),
(1632, '08391755', 1, 2, 'D', 'Jueves', '2020-07-02', '07:48:34', NULL, '14:06:14', NULL),
(1633, '07956490', 1, 2, 'D', 'Jueves', '2020-07-02', '07:49:20', NULL, '15:04:35', NULL),
(1634, '08265137', 1, 2, 'D', 'Jueves', '2020-07-02', '07:49:22', NULL, '14:05:06', NULL),
(1635, '07611148', 1, 2, 'D', 'Jueves', '2020-07-02', '07:50:14', NULL, '16:14:10', NULL),
(1636, '45983867', 1, 2, 'D', 'Jueves', '2020-07-02', '07:52:13', NULL, '15:27:28', NULL),
(1637, '06993247', 1, 2, 'D', 'Jueves', '2020-07-02', '07:53:04', NULL, '15:02:00', NULL),
(1638, '06058629', 1, 2, 'D', 'Jueves', '2020-07-02', '07:54:36', NULL, '16:18:13', NULL),
(1639, '08560779', 1, 8, 'D', 'Jueves', '2020-07-02', '07:55:02', NULL, '07:55:27', NULL),
(1640, '08952014', 1, 2, 'D', 'Jueves', '2020-07-02', '07:55:14', NULL, '15:08:09', NULL),
(1641, '08560779', 1, 2, 'D', 'Jueves', '2020-07-02', '07:55:59', NULL, '15:32:38', NULL),
(1642, '09546471', 1, 2, 'D', 'Jueves', '2020-07-02', '07:56:11', NULL, '18:57:25', NULL),
(1643, '06563877', 1, 2, 'D', 'Jueves', '2020-07-02', '07:56:12', NULL, '16:15:59', NULL),
(1644, '06088867', 1, 2, 'D', 'Jueves', '2020-07-02', '07:56:55', NULL, '20:11:22', NULL),
(1645, '16120909', 1, 2, 'D', 'Jueves', '2020-07-02', '07:56:57', NULL, '15:02:02', NULL),
(1646, '41292845', 1, 2, 'D', 'Jueves', '2020-07-02', '07:56:59', NULL, '13:16:30', NULL),
(1647, '09580069', 1, 2, 'D', 'Jueves', '2020-07-02', '07:57:18', NULL, '16:23:20', NULL),
(1648, '10022020', 1, 2, 'D', 'Jueves', '2020-07-02', '08:00:27', NULL, '14:51:04', NULL),
(1649, '09827810', 1, 2, 'D', 'Jueves', '2020-07-02', '08:00:45', NULL, '11:24:24', NULL),
(1650, '41426972', 1, 2, 'D', 'Jueves', '2020-07-02', '08:01:12', NULL, '21:02:16', NULL),
(1651, '18098269', 1, 2, 'D', 'Jueves', '2020-07-02', '08:02:06', NULL, '16:08:35', NULL),
(1652, '07672853', 1, 3, 'D', 'Jueves', '2020-07-02', '08:05:58', NULL, '16:21:31', NULL),
(1653, '06245204', 1, 3, 'D', 'Jueves', '2020-07-02', '08:09:12', NULL, '19:28:42', NULL),
(1654, '09136342', 1, 3, 'D', 'Jueves', '2020-07-02', '08:36:53', NULL, '15:29:17', NULL),
(1655, '07026470', 1, 2, 'D', 'Jueves', '2020-07-02', '08:37:23', NULL, '13:15:52', NULL),
(1656, '08362828', 1, 3, 'D', 'Jueves', '2020-07-02', '11:30:55', NULL, '22:25:46', NULL),
(1657, '43279379', 1, 2, 'N', 'Jueves', '2020-07-02', '14:18:55', NULL, '22:35:20', NULL),
(1658, '10331060', 1, 2, 'N', 'Jueves', '2020-07-02', '14:22:14', NULL, '22:33:40', NULL),
(1659, '10866510', 1, 2, 'N', 'Jueves', '2020-07-02', '14:26:35', NULL, '22:20:35', NULL),
(1660, '16168702', 1, 2, 'N', 'Jueves', '2020-07-02', '14:26:40', NULL, '22:55:19', NULL),
(1661, '06195983', 1, 2, 'N', 'Jueves', '2020-07-02', '14:29:06', NULL, '23:06:25', NULL),
(1662, '21860621', 1, 2, 'N', 'Jueves', '2020-07-02', '14:33:00', NULL, '22:22:00', NULL),
(1663, '06691798', 1, 2, 'N', 'Jueves', '2020-07-02', '14:36:31', NULL, '23:14:36', NULL),
(1664, '10447682', 1, 2, 'N', 'Jueves', '2020-07-02', '14:36:46', NULL, '22:23:04', NULL),
(1665, '10348997', 1, 2, 'N', 'Jueves', '2020-07-02', '14:40:48', NULL, '22:40:36', NULL),
(1666, '08086960', 1, 2, 'N', 'Jueves', '2020-07-02', '14:40:59', NULL, '22:38:05', NULL),
(1667, '41739825', 1, 2, 'N', 'Jueves', '2020-07-02', '14:43:23', NULL, '22:24:13', NULL),
(1668, '44807430', 1, 2, 'N', 'Jueves', '2020-07-02', '14:49:55', NULL, '22:33:25', NULL),
(1669, '08794524', 1, 2, 'N', 'Jueves', '2020-07-02', '15:00:24', NULL, '22:25:17', NULL),
(1670, '21527619', 1, 4, 'N', 'Jueves', '2020-07-02', '15:02:48', NULL, NULL, NULL),
(1671, '42646856', 1, 2, 'N', 'Jueves', '2020-07-02', '15:04:05', NULL, '22:32:35', NULL),
(1672, '08900576', 1, 2, 'N', 'Jueves', '2020-07-02', '15:10:35', NULL, '22:38:54', NULL),
(1673, '10809045', 1, 2, 'N', 'Jueves', '2020-07-02', '15:11:08', NULL, '22:22:44', NULL),
(1674, '06993247', 1, 2, 'N', 'Jueves', '2020-07-02', '15:12:13', NULL, '22:24:47', NULL),
(1675, '10087395', 1, 2, 'N', 'Jueves', '2020-07-02', '15:13:00', NULL, '22:25:55', NULL),
(1676, '07569381', 1, 2, 'N', 'Jueves', '2020-07-02', '15:14:28', NULL, '22:22:56', NULL),
(1677, '09409485', 1, 2, 'N', 'Jueves', '2020-07-02', '15:16:49', NULL, '22:21:09', NULL),
(1678, '07956490', 1, 2, 'N', 'Jueves', '2020-07-02', '15:19:42', NULL, '22:23:13', NULL),
(1679, '08766287', 1, 2, 'N', 'Jueves', '2020-07-02', '15:27:31', NULL, '22:21:44', NULL),
(1680, '40305202', 1, 2, 'N', 'Jueves', '2020-07-02', '15:28:04', NULL, '22:58:47', NULL),
(1681, '40032759', 1, 2, 'N', 'Jueves', '2020-07-02', '15:29:39', NULL, '22:53:54', NULL),
(1682, '07909229', 1, 2, 'N', 'Jueves', '2020-07-02', '15:30:05', NULL, '22:36:56', NULL),
(1683, '10484364', 1, 2, 'N', 'Jueves', '2020-07-02', '15:31:41', NULL, '22:36:42', NULL),
(1684, '40228607', 1, 4, 'N', 'Jueves', '2020-07-02', '15:43:59', NULL, NULL, NULL),
(1685, '09086507', 1, 4, 'N', 'Jueves', '2020-07-02', '15:47:45', NULL, NULL, NULL),
(1686, '07147314', 1, 2, 'N', 'Jueves', '2020-07-02', '15:58:36', NULL, '22:23:17', NULL),
(1687, '21864142', 1, 2, 'N', 'Jueves', '2020-07-02', '15:59:49', NULL, '22:33:43', NULL),
(1688, '10014826', 1, 2, 'N', 'Jueves', '2020-07-02', '16:08:08', NULL, '22:34:45', NULL),
(1689, '48666856', 1, 2, 'N', 'Jueves', '2020-07-02', '16:09:36', NULL, '22:59:20', NULL),
(1690, '70295941', 1, 4, 'N', 'Jueves', '2020-07-02', '16:12:37', NULL, NULL, NULL),
(1691, '44022944', 1, 2, 'N', 'Jueves', '2020-07-02', '16:12:38', NULL, '22:32:56', NULL),
(1692, '06000089', 1, 2, 'N', 'Jueves', '2020-07-02', '16:37:29', NULL, '22:21:37', NULL),
(1693, '19944586', 1, 2, 'N', 'Jueves', '2020-07-02', '16:46:16', NULL, '22:23:28', NULL),
(1694, '10037324', 1, 2, 'N', 'Jueves', '2020-07-02', '16:48:54', NULL, '22:33:24', NULL),
(1695, '10751082', 1, 2, 'N', 'Jueves', '2020-07-02', '16:50:38', NULL, '22:34:10', NULL),
(1696, '08102608', 1, 4, 'N', 'Jueves', '2020-07-02', '16:51:57', NULL, NULL, NULL),
(1697, '08480056', 1, 2, 'N', 'Jueves', '2020-07-02', '16:55:26', NULL, '22:25:28', NULL),
(1698, '07405481', 1, 2, 'N', 'Jueves', '2020-07-02', '17:03:24', NULL, '22:45:30', NULL),
(1699, '06007764', 1, 2, 'N', 'Jueves', '2020-07-02', '17:04:14', NULL, '22:23:49', NULL),
(1700, '09721083', 1, 2, 'N', 'Jueves', '2020-07-02', '17:06:14', NULL, '23:25:03', NULL),
(1701, '44859897', 1, 4, 'N', 'Jueves', '2020-07-02', '17:12:08', NULL, NULL, NULL),
(1702, '08806618', 1, 2, 'N', 'Jueves', '2020-07-02', '17:17:33', NULL, '22:21:41', NULL),
(1703, '10098289', 1, 2, 'N', 'Jueves', '2020-07-02', '17:47:44', NULL, '23:12:05', NULL),
(1704, '44628281', 1, 2, 'N', 'Jueves', '2020-07-02', '19:01:04', NULL, '22:20:46', NULL),
(1705, '08781895', 1, 8, 'N', 'Jueves', '2020-07-02', '20:41:31', NULL, '22:20:53', NULL),
(1706, '08362795', 1, 4, 'N', 'Jueves', '2020-07-02', '20:48:17', NULL, NULL, NULL),
(1707, '07893052', 1, 4, NULL, 'Jueves', '2020-07-02', NULL, NULL, NULL, NULL),
(1708, '09289133', 1, 4, NULL, 'Jueves', '2020-07-02', NULL, NULL, NULL, NULL),
(1709, '09582979', 1, 4, NULL, 'Jueves', '2020-07-02', NULL, NULL, NULL, NULL),
(1710, '09130661', 1, 4, NULL, 'Jueves', '2020-07-02', NULL, NULL, NULL, NULL),
(1711, '19557438', 1, 4, NULL, 'Jueves', '2020-07-02', NULL, NULL, NULL, NULL),
(1712, '09129625', 1, 4, NULL, 'Jueves', '2020-07-02', NULL, NULL, NULL, NULL),
(1713, '08408971', 1, 4, NULL, 'Jueves', '2020-07-02', NULL, NULL, NULL, NULL),
(1714, '08427885', 1, 4, NULL, 'Jueves', '2020-07-02', NULL, NULL, NULL, NULL),
(1715, '08360014', 1, 4, NULL, 'Jueves', '2020-07-02', NULL, NULL, NULL, NULL),
(1716, '08350123', 1, 4, NULL, 'Jueves', '2020-07-02', NULL, NULL, NULL, NULL),
(1717, '08398587', 1, 4, NULL, 'Jueves', '2020-07-02', NULL, NULL, NULL, NULL),
(1718, '08943710', 1, 4, NULL, 'Jueves', '2020-07-02', NULL, NULL, NULL, NULL),
(1719, '06276805', 1, 4, NULL, 'Jueves', '2020-07-02', NULL, NULL, NULL, NULL),
(1720, '10519723', 1, 4, NULL, 'Jueves', '2020-07-02', NULL, NULL, NULL, NULL),
(1725, '15604382', 1, 2, 'D', 'Viernes', '2020-07-03', '06:20:52', NULL, '22:44:33', NULL),
(1726, '43442980', 1, 2, 'D', 'Viernes', '2020-07-03', '06:31:29', NULL, '15:16:09', NULL),
(1727, '70219860', 1, 2, 'D', 'Viernes', '2020-07-03', '06:36:45', NULL, '14:10:43', NULL),
(1728, '07863264', 1, 4, 'D', 'Viernes', '2020-07-03', '06:56:16', NULL, NULL, NULL),
(1729, '10022020', 1, 2, 'D', 'Viernes', '2020-07-03', '07:06:09', NULL, '14:04:57', NULL),
(1730, '09136342', 1, 2, 'D', 'Viernes', '2020-07-03', '07:09:08', NULL, '16:07:23', NULL),
(1731, '09086507', 1, 4, 'D', 'Viernes', '2020-07-03', '07:10:04', NULL, NULL, NULL),
(1732, '21527619', 1, 2, 'D', 'Viernes', '2020-07-03', '07:16:33', NULL, '18:27:47', NULL),
(1733, '21864142', 1, 2, 'D', 'Viernes', '2020-07-03', '07:17:46', NULL, '16:18:39', NULL),
(1734, '06195983', 1, 2, 'D', 'Viernes', '2020-07-03', '07:22:21', NULL, '19:16:59', NULL),
(1735, '72849319', 1, 2, 'D', 'Viernes', '2020-07-03', '07:24:17', NULL, '14:04:05', NULL),
(1736, '40034231', 1, 2, 'D', 'Viernes', '2020-07-03', '07:25:25', NULL, '22:54:20', NULL),
(1737, '07674010', 1, 2, 'D', 'Viernes', '2020-07-03', '07:26:22', NULL, '16:52:01', NULL),
(1738, '15415656', 1, 2, 'D', 'Viernes', '2020-07-03', '07:26:45', NULL, '16:24:26', NULL),
(1739, '10524996', 1, 2, 'D', 'Viernes', '2020-07-03', '07:27:13', NULL, '15:37:04', NULL),
(1740, '09541875', 1, 2, 'D', 'Viernes', '2020-07-03', '07:28:20', NULL, '17:27:39', NULL),
(1741, '08401157', 1, 2, 'D', 'Viernes', '2020-07-03', '07:29:05', NULL, '13:18:41', NULL),
(1742, '40305202', 1, 2, 'D', 'Viernes', '2020-07-03', '07:30:15', NULL, '16:06:58', NULL),
(1743, '10226614', 1, 2, 'D', 'Viernes', '2020-07-03', '07:30:16', NULL, '17:01:24', NULL),
(1744, '10866510', 1, 2, 'D', 'Viernes', '2020-07-03', '07:30:23', NULL, '15:55:17', NULL),
(1745, '06000089', 1, 2, 'D', 'Viernes', '2020-07-03', '07:30:42', NULL, '13:35:24', NULL),
(1746, '06691798', 1, 2, 'D', 'Viernes', '2020-07-03', '07:30:48', NULL, '17:45:28', NULL),
(1747, '09237051', 1, 2, 'D', 'Viernes', '2020-07-03', '07:31:08', NULL, '17:20:17', NULL),
(1748, '10007876', 1, 2, 'D', 'Viernes', '2020-07-03', '07:31:15', NULL, '15:10:55', NULL),
(1749, '43924539', 1, 2, 'D', 'Viernes', '2020-07-03', '07:31:22', NULL, '13:33:08', NULL),
(1750, '10718367', 1, 2, 'D', 'Viernes', '2020-07-03', '07:31:55', NULL, '13:19:35', NULL),
(1751, '08391755', 1, 2, 'D', 'Viernes', '2020-07-03', '07:32:34', NULL, '14:07:25', NULL),
(1752, '10348997', 1, 2, 'D', 'Viernes', '2020-07-03', '07:34:10', NULL, '16:21:21', NULL),
(1753, '08353251', 1, 2, 'D', 'Viernes', '2020-07-03', '07:34:21', NULL, '16:32:13', NULL),
(1754, '07672853', 1, 2, 'D', 'Viernes', '2020-07-03', '07:34:35', NULL, '16:47:42', NULL),
(1755, '09580069', 1, 2, 'D', 'Viernes', '2020-07-03', '07:34:43', NULL, '16:34:38', NULL),
(1756, '70008397', 1, 2, 'D', 'Viernes', '2020-07-03', '07:35:50', NULL, '14:17:06', NULL),
(1757, '08766287', 1, 2, 'D', 'Viernes', '2020-07-03', '07:37:23', NULL, '15:16:05', NULL),
(1758, '19944586', 1, 2, 'D', 'Viernes', '2020-07-03', '07:40:11', NULL, '13:13:08', NULL),
(1759, '07611148', 1, 2, 'D', 'Viernes', '2020-07-03', '07:40:16', NULL, '20:34:36', NULL),
(1760, '43476111', 1, 2, 'D', 'Viernes', '2020-07-03', '07:40:52', NULL, '14:05:40', NULL),
(1761, '09409485', 1, 2, 'D', 'Viernes', '2020-07-03', '07:41:55', NULL, '15:02:26', NULL),
(1762, '08009557', 1, 2, 'D', 'Viernes', '2020-07-03', '07:42:34', NULL, '19:26:23', NULL),
(1763, '41966159', 1, 4, 'D', 'Viernes', '2020-07-03', '07:43:37', NULL, NULL, NULL),
(1764, '25619982', 1, 2, 'D', 'Viernes', '2020-07-03', '07:44:06', NULL, '15:27:07', NULL),
(1765, '44807430', 1, 2, 'D', 'Viernes', '2020-07-03', '07:44:34', NULL, '16:04:39', NULL),
(1766, '16168594', 1, 2, 'D', 'Viernes', '2020-07-03', '07:45:31', NULL, '15:05:57', NULL),
(1767, '41739825', 1, 2, 'D', 'Viernes', '2020-07-03', '07:45:37', NULL, '15:16:56', NULL),
(1768, '45983867', 1, 2, 'D', 'Viernes', '2020-07-03', '07:46:41', NULL, '15:24:35', NULL),
(1769, '08362795', 1, 2, 'D', 'Viernes', '2020-07-03', '07:46:57', NULL, '16:05:22', NULL),
(1770, '29556963', 1, 2, 'D', 'Viernes', '2020-07-03', '07:47:38', NULL, '20:37:04', NULL),
(1771, '42646856', 1, 2, 'D', 'Viernes', '2020-07-03', '07:47:40', NULL, '15:19:56', NULL),
(1772, '08547142', 1, 2, 'D', 'Viernes', '2020-07-03', '07:47:47', NULL, '16:50:44', NULL),
(1773, '10338978', 1, 2, 'D', 'Viernes', '2020-07-03', '07:47:51', NULL, '15:10:55', NULL),
(1774, '08362828', 1, 2, 'D', 'Viernes', '2020-07-03', '07:49:54', NULL, '16:45:58', NULL),
(1775, '10098289', 1, 2, 'D', 'Viernes', '2020-07-03', '07:49:59', NULL, '15:39:35', NULL),
(1776, '08781895', 1, 2, 'D', 'Viernes', '2020-07-03', '07:50:02', NULL, '15:20:07', NULL),
(1777, '10447682', 1, 2, 'D', 'Viernes', '2020-07-03', '07:50:15', NULL, '15:57:36', NULL),
(1778, '45124334', 1, 2, 'D', 'Viernes', '2020-07-03', '07:50:36', NULL, '15:13:33', NULL),
(1779, '40131252', 1, 2, 'D', 'Viernes', '2020-07-03', '07:52:07', NULL, '14:51:33', NULL),
(1780, '44628281', 1, 2, 'D', 'Viernes', '2020-07-03', '07:52:25', NULL, '11:00:12', NULL),
(1781, '40899608', 1, 2, 'D', 'Viernes', '2020-07-03', '07:52:31', NULL, '19:40:41', NULL),
(1782, '07218435', 1, 2, 'D', 'Viernes', '2020-07-03', '07:53:30', NULL, '17:51:45', NULL),
(1783, '08560779', 1, 2, 'D', 'Viernes', '2020-07-03', '07:53:48', NULL, '20:37:17', NULL),
(1784, '10087395', 1, 2, 'D', 'Viernes', '2020-07-03', '07:56:20', NULL, '15:12:28', NULL),
(1785, '41426972', 1, 2, 'D', 'Viernes', '2020-07-03', '07:56:28', NULL, '19:01:51', NULL),
(1786, '06058629', 1, 2, 'D', 'Viernes', '2020-07-03', '07:56:42', NULL, '16:17:51', NULL);
INSERT INTO `asistencia` (`ID_ASISTENCIA`, `ID_PERSONA`, `ID_SEMESTRE`, `ID_CATEGORIA_ASI`, `TURNO`, `DIA`, `ENTRADA_FECHA`, `ENTRADA_HORA`, `OBSERVACION`, `HORA_SALIDA`, `FECHA_M`) VALUES
(1787, '08952014', 1, 2, 'D', 'Viernes', '2020-07-03', '07:56:42', NULL, '15:05:21', NULL),
(1788, '08404484', 1, 4, 'D', 'Viernes', '2020-07-03', '07:56:46', NULL, NULL, NULL),
(1789, '09546471', 1, 2, 'D', 'Viernes', '2020-07-03', '07:57:23', NULL, '15:08:26', NULL),
(1790, '06563877', 1, 2, 'D', 'Viernes', '2020-07-03', '07:59:17', NULL, '16:16:25', NULL),
(1791, '07241494', 1, 4, 'D', 'Viernes', '2020-07-03', '08:00:23', NULL, NULL, NULL),
(1792, '08422154', 1, 2, 'D', 'Viernes', '2020-07-03', '08:00:56', NULL, '16:33:28', NULL),
(1793, '09721083', 1, 3, 'D', 'Viernes', '2020-07-03', '08:07:52', NULL, '17:20:52', NULL),
(1794, '40174999', 1, 3, 'D', 'Viernes', '2020-07-03', '08:08:21', NULL, '15:51:52', NULL),
(1795, '07035164', 1, 3, 'D', 'Viernes', '2020-07-03', '08:14:51', NULL, '15:40:33', NULL),
(1796, '07026470', 1, 2, 'D', 'Viernes', '2020-07-03', '08:34:52', NULL, '14:09:42', NULL),
(1797, '07909229', 1, 3, 'D', 'Viernes', '2020-07-03', '08:40:01', NULL, '15:18:36', NULL),
(1798, '06245204', 1, 3, 'D', 'Viernes', '2020-07-03', '08:56:45', NULL, '16:25:27', NULL),
(1799, '44628281', 1, 2, 'D', 'Viernes', '2020-07-03', '11:19:11', NULL, '14:06:56', NULL),
(1800, '08086960', 1, 2, 'N', 'Viernes', '2020-07-03', '13:44:43', NULL, '23:02:28', NULL),
(1801, '10519723', 1, 2, 'N', 'Viernes', '2020-07-03', '14:20:58', NULL, '22:43:41', NULL),
(1802, '43279379', 1, 2, 'N', 'Viernes', '2020-07-03', '14:31:08', NULL, '22:28:47', NULL),
(1803, '10331060', 1, 2, 'N', 'Viernes', '2020-07-03', '14:31:25', NULL, '22:26:10', NULL),
(1804, '09120859', 1, 2, 'N', 'Viernes', '2020-07-03', '14:48:14', NULL, '23:09:48', NULL),
(1805, '21860621', 1, 2, 'N', 'Viernes', '2020-07-03', '14:50:17', NULL, '22:29:57', NULL),
(1806, '06088867', 1, 2, 'N', 'Viernes', '2020-07-03', '14:57:33', NULL, '22:26:57', NULL),
(1807, '42848773', 1, 2, 'N', 'Viernes', '2020-07-03', '14:58:50', NULL, '22:20:06', NULL),
(1808, '08794524', 1, 2, 'N', 'Viernes', '2020-07-03', '15:00:56', NULL, '22:24:33', NULL),
(1809, '40032759', 1, 2, 'N', 'Viernes', '2020-07-03', '15:02:38', NULL, '23:34:40', NULL),
(1810, '10650976', 1, 2, 'N', 'Viernes', '2020-07-03', '15:10:23', NULL, '22:24:32', NULL),
(1811, '08900576', 1, 2, 'N', 'Viernes', '2020-07-03', '15:10:37', NULL, '22:30:21', NULL),
(1812, '10809045', 1, 2, 'N', 'Viernes', '2020-07-03', '15:10:56', NULL, '22:22:26', NULL),
(1813, '40228607', 1, 4, 'N', 'Viernes', '2020-07-03', '15:15:08', NULL, NULL, NULL),
(1814, '16120909', 1, 2, 'N', 'Viernes', '2020-07-03', '15:16:22', NULL, '22:21:15', NULL),
(1815, '07956490', 1, 2, 'N', 'Viernes', '2020-07-03', '15:21:56', NULL, '22:23:37', NULL),
(1816, '07569381', 1, 2, 'N', 'Viernes', '2020-07-03', '15:28:28', NULL, '22:25:36', NULL),
(1817, '07147314', 1, 2, 'N', 'Viernes', '2020-07-03', '15:48:32', NULL, '22:21:34', NULL),
(1818, '10037324', 1, 2, 'N', 'Viernes', '2020-07-03', '15:55:26', NULL, '23:15:03', NULL),
(1819, '10484364', 1, 2, 'N', 'Viernes', '2020-07-03', '15:56:21', NULL, '22:26:39', NULL),
(1820, '09405771', 1, 2, 'N', 'Viernes', '2020-07-03', '15:58:22', NULL, '22:23:27', NULL),
(1821, '48666856', 1, 2, 'N', 'Viernes', '2020-07-03', '16:04:43', NULL, '22:20:52', NULL),
(1822, '44022944', 1, 2, 'N', 'Viernes', '2020-07-03', '16:06:01', NULL, '22:30:56', NULL),
(1823, '10014826', 1, 2, 'N', 'Viernes', '2020-07-03', '16:09:01', NULL, '22:25:25', NULL),
(1824, '70295941', 1, 2, 'N', 'Viernes', '2020-07-03', '16:11:41', NULL, '22:29:58', NULL),
(1825, '10751082', 1, 2, 'N', 'Viernes', '2020-07-03', '16:50:28', NULL, '22:39:54', NULL),
(1826, '07405481', 1, 2, 'N', 'Viernes', '2020-07-03', '17:01:25', NULL, '22:44:14', NULL),
(1827, '08806618', 1, 2, 'N', 'Viernes', '2020-07-03', '17:01:40', NULL, '22:21:12', NULL),
(1828, '06007764', 1, 2, 'N', 'Viernes', '2020-07-03', '17:03:10', NULL, '22:21:31', NULL),
(1829, '08265137', 1, 2, 'N', 'Viernes', '2020-07-03', '17:06:15', NULL, '23:10:17', NULL),
(1830, '08102608', 1, 2, 'N', 'Viernes', '2020-07-03', '17:06:37', NULL, '22:23:44', NULL),
(1831, '08958019', 1, 2, 'N', 'Viernes', '2020-07-03', '17:07:14', NULL, '22:26:05', NULL),
(1832, '09682926', 1, 2, 'N', 'Viernes', '2020-07-03', '17:39:25', NULL, '22:47:42', NULL),
(1833, '16168702', 1, 8, 'N', 'Viernes', '2020-07-03', '18:26:28', NULL, '22:27:40', NULL),
(1834, '09253109', 1, 2, 'N', 'Viernes', '2020-07-03', '18:49:38', NULL, '22:47:00', NULL),
(1835, '09582979', 1, 2, 'N', 'Viernes', '2020-07-03', '19:27:04', NULL, '22:30:58', NULL),
(1836, '09121894', 1, 8, 'N', 'Viernes', '2020-07-03', '20:44:48', NULL, '22:51:36', NULL),
(1837, '07893052', 1, 4, NULL, 'Viernes', '2020-07-03', NULL, NULL, NULL, NULL),
(1838, '06993247', 1, 4, NULL, 'Viernes', '2020-07-03', NULL, NULL, NULL, NULL),
(1839, '09289133', 1, 4, NULL, 'Viernes', '2020-07-03', NULL, NULL, NULL, NULL),
(1840, '74085764', 1, 4, NULL, 'Viernes', '2020-07-03', NULL, NULL, NULL, NULL),
(1841, '09130661', 1, 4, NULL, 'Viernes', '2020-07-03', NULL, NULL, NULL, NULL),
(1842, '19557438', 1, 4, NULL, 'Viernes', '2020-07-03', NULL, NULL, NULL, NULL),
(1843, '09129625', 1, 4, NULL, 'Viernes', '2020-07-03', NULL, NULL, NULL, NULL),
(1844, '08408971', 1, 4, NULL, 'Viernes', '2020-07-03', NULL, NULL, NULL, NULL),
(1845, '08427885', 1, 4, NULL, 'Viernes', '2020-07-03', NULL, NULL, NULL, NULL),
(1846, '08360014', 1, 4, NULL, 'Viernes', '2020-07-03', NULL, NULL, NULL, NULL),
(1847, '08350123', 1, 4, NULL, 'Viernes', '2020-07-03', NULL, NULL, NULL, NULL),
(1848, '08398587', 1, 4, NULL, 'Viernes', '2020-07-03', NULL, NULL, NULL, NULL),
(1849, '08943710', 1, 4, NULL, 'Viernes', '2020-07-03', NULL, NULL, NULL, NULL),
(1850, '06276805', 1, 4, NULL, 'Viernes', '2020-07-03', NULL, NULL, NULL, NULL),
(1851, '72849319', 1, 2, 'D', 'Sabado', '2020-07-04', '07:27:53', NULL, '23:09:39', NULL),
(1852, '07147314', 1, 2, 'D', 'Sabado', '2020-07-04', '07:32:30', NULL, '15:16:19', NULL),
(1853, '10348997', 1, 2, 'D', 'Sabado', '2020-07-04', '07:34:40', NULL, '20:09:46', NULL),
(1854, '70008397', 1, 2, 'D', 'Sabado', '2020-07-04', '07:39:12', NULL, '17:54:31', NULL),
(1855, '45124334', 1, 2, 'D', 'Sabado', '2020-07-04', '07:44:47', NULL, '15:07:14', NULL),
(1856, '10650976', 1, 2, 'D', 'Sabado', '2020-07-04', '07:48:10', NULL, '15:12:36', NULL),
(1857, '07611148', 1, 2, 'D', 'Sabado', '2020-07-04', '07:48:15', NULL, '16:17:57', NULL),
(1858, '70219860', 1, 2, 'D', 'Sabado', '2020-07-04', '07:48:46', NULL, '15:18:59', NULL),
(1859, '10751082', 1, 2, 'D', 'Sabado', '2020-07-04', '07:51:20', NULL, '16:21:11', NULL),
(1860, '43476111', 1, 2, 'D', 'Sabado', '2020-07-04', '07:53:17', NULL, '16:57:31', NULL),
(1861, '08952014', 1, 2, 'D', 'Sabado', '2020-07-04', '07:57:09', NULL, '15:07:29', NULL),
(1862, '09237051', 1, 2, 'D', 'Sabado', '2020-07-04', '07:59:10', NULL, '16:55:40', NULL),
(1863, '08781895', 1, 1, 'D', 'Sabado', '2020-07-04', '08:07:23', NULL, NULL, NULL),
(1864, '08009557', 1, 3, 'D', 'Sabado', '2020-07-04', '08:13:47', NULL, '19:57:43', NULL),
(1865, '06088867', 1, 3, 'D', 'Sabado', '2020-07-04', '08:18:24', NULL, '18:52:33', NULL),
(1866, '10022020', 1, 3, 'D', 'Sabado', '2020-07-04', '08:30:07', NULL, '14:41:46', NULL),
(1867, '40174999', 1, 3, 'D', 'Sabado', '2020-07-04', '08:45:41', NULL, '18:02:41', NULL),
(1868, '09582979', 1, 2, 'D', 'Sabado', '2020-07-04', '09:12:45', NULL, '17:11:15', NULL),
(1869, '07674010', 1, 8, 'D', 'Sabado', '2020-07-04', '10:28:34', NULL, '15:12:21', NULL),
(1870, '08362828', 1, 2, 'N', 'Sabado', '2020-07-04', '13:23:19', NULL, '22:33:48', NULL),
(1871, '08900576', 1, 2, 'N', 'Sabado', '2020-07-04', '15:10:53', NULL, '22:31:18', NULL),
(1872, '08766287', 1, 2, 'N', 'Sabado', '2020-07-04', '15:13:12', NULL, '22:40:58', NULL),
(1873, '08086960', 1, 2, 'N', 'Sabado', '2020-07-04', '15:15:25', NULL, '23:23:12', NULL),
(1874, '10484364', 1, 1, 'N', 'Sabado', '2020-07-04', '15:19:53', NULL, NULL, NULL),
(1875, '07956490', 1, 2, 'N', 'Sabado', '2020-07-04', '15:32:01', NULL, '22:27:23', NULL),
(1876, '21864142', 1, 2, 'N', 'Sabado', '2020-07-04', '15:49:24', NULL, '23:11:38', NULL),
(1877, '70295941', 1, 2, 'N', 'Sabado', '2020-07-04', '15:55:09', NULL, '22:38:49', NULL),
(1878, '40228607', 1, 2, 'N', 'Sabado', '2020-07-04', '16:01:34', NULL, '23:30:20', NULL),
(1879, '10037324', 1, 1, 'N', 'Sabado', '2020-07-04', '16:03:11', NULL, NULL, NULL),
(1880, '10014826', 1, 2, 'N', 'Sabado', '2020-07-04', '16:08:21', NULL, '22:33:27', NULL),
(1881, '10087395', 1, 2, 'N', 'Sabado', '2020-07-04', '16:13:35', NULL, '22:22:09', NULL),
(1882, '48666856', 1, 2, 'N', 'Sabado', '2020-07-04', '16:26:49', NULL, '22:20:24', NULL),
(1883, '44022944', 1, 2, 'N', 'Sabado', '2020-07-04', '16:27:36', NULL, '22:37:31', NULL),
(1884, '08265137', 1, 2, 'N', 'Sabado', '2020-07-04', '16:54:13', NULL, '23:57:24', NULL),
(1885, '07569381', 1, 1, 'N', 'Sabado', '2020-07-04', '17:01:48', NULL, NULL, NULL),
(1886, '41292845', 1, 2, 'N', 'Sabado', '2020-07-04', '17:05:10', NULL, '23:51:23', NULL),
(1887, '19944586', 1, 8, 'N', 'Sabado', '2020-07-04', '18:17:07', NULL, '22:30:55', NULL),
(1888, '09253109', 1, 2, 'N', 'Sabado', '2020-07-04', '18:26:12', NULL, '22:33:41', NULL),
(1889, '06195983', 1, 8, 'N', 'Sabado', '2020-07-04', '19:41:57', NULL, '23:02:31', NULL),
(1890, '74085764', 1, 8, 'N', 'Domingo', '2020-07-12', '22:29:31', NULL, '22:29:37', NULL),
(1891, '74085764', 1, 8, 'N', 'Miercoles', '2020-07-15', '20:57:14', NULL, '20:57:18', NULL),
(1892, '74085764', 1, 8, 'N', 'Miercoles', '2020-07-15', '22:28:33', NULL, '22:28:35', NULL),
(1893, '09121894', 1, 4, NULL, 'Miercoles', '2020-07-15', NULL, NULL, NULL, NULL),
(1894, '10226614', 1, 4, NULL, 'Miercoles', '2020-07-15', NULL, NULL, NULL, NULL),
(1895, '41426972', 1, 4, NULL, 'Miercoles', '2020-07-15', NULL, NULL, NULL, NULL),
(1896, '40034231', 1, 4, NULL, 'Miercoles', '2020-07-15', NULL, NULL, NULL, NULL),
(1897, '15415656', 1, 4, NULL, 'Miercoles', '2020-07-15', NULL, NULL, NULL, NULL),
(1898, '09130661', 1, 4, NULL, 'Miercoles', '2020-07-15', NULL, NULL, NULL, NULL),
(1899, '19557438', 1, 4, NULL, 'Miercoles', '2020-07-15', NULL, NULL, NULL, NULL),
(1900, '07218435', 1, 4, NULL, 'Miercoles', '2020-07-15', NULL, NULL, NULL, NULL),
(1901, '09129625', 1, 4, NULL, 'Miercoles', '2020-07-15', NULL, NULL, NULL, NULL),
(1902, '08408971', 1, 4, NULL, 'Miercoles', '2020-07-15', NULL, NULL, NULL, NULL),
(1903, '08353251', 1, 4, NULL, 'Miercoles', '2020-07-15', NULL, NULL, NULL, NULL),
(1904, '09580069', 1, 4, NULL, 'Miercoles', '2020-07-15', NULL, NULL, NULL, NULL),
(1905, '08427885', 1, 4, NULL, 'Miercoles', '2020-07-15', NULL, NULL, NULL, NULL),
(1906, '08360014', 1, 4, NULL, 'Miercoles', '2020-07-15', NULL, NULL, NULL, NULL),
(1907, '08350123', 1, 4, NULL, 'Miercoles', '2020-07-15', NULL, NULL, NULL, NULL),
(1908, '06563877', 1, 4, NULL, 'Miercoles', '2020-07-15', NULL, NULL, NULL, NULL),
(1909, '06058629', 1, 4, NULL, 'Miercoles', '2020-07-15', NULL, NULL, NULL, NULL),
(1910, '08398587', 1, 4, NULL, 'Miercoles', '2020-07-15', NULL, NULL, NULL, NULL),
(1911, '41966159', 1, 4, NULL, 'Miercoles', '2020-07-15', NULL, NULL, NULL, NULL),
(1912, '08943710', 1, 4, NULL, 'Miercoles', '2020-07-15', NULL, NULL, NULL, NULL),
(1913, '08547142', 1, 4, NULL, 'Miercoles', '2020-07-15', NULL, NULL, NULL, NULL),
(1914, '07672853', 1, 4, NULL, 'Miercoles', '2020-07-15', NULL, NULL, NULL, NULL),
(1915, '07863264', 1, 4, NULL, 'Miercoles', '2020-07-15', NULL, NULL, NULL, NULL),
(1916, '29556963', 1, 4, NULL, 'Miercoles', '2020-07-15', NULL, NULL, NULL, NULL),
(1917, '06276805', 1, 4, NULL, 'Miercoles', '2020-07-15', NULL, NULL, NULL, NULL),
(1918, '10519723', 1, 4, NULL, 'Miercoles', '2020-07-15', NULL, NULL, NULL, NULL),
(1919, '40899608', 1, 4, NULL, 'Miercoles', '2020-07-15', NULL, NULL, NULL, NULL),
(1920, '43442980', 1, 4, NULL, 'Miercoles', '2020-07-15', NULL, NULL, NULL, NULL),
(1924, '06000089', 1, 4, NULL, 'Miercoles', '2020-07-15', NULL, NULL, NULL, NULL),
(1925, '06007764', 1, 4, NULL, 'Miercoles', '2020-07-15', NULL, NULL, NULL, NULL),
(1926, '06088867', 1, 4, NULL, 'Miercoles', '2020-07-15', NULL, NULL, NULL, NULL),
(1927, '06195983', 1, 4, NULL, 'Miercoles', '2020-07-15', NULL, NULL, NULL, NULL),
(1928, '06245204', 1, 4, NULL, 'Miercoles', '2020-07-15', NULL, NULL, NULL, NULL),
(1929, '06691798', 1, 4, NULL, 'Miercoles', '2020-07-15', NULL, NULL, NULL, NULL),
(1930, '06993247', 1, 4, NULL, 'Miercoles', '2020-07-15', NULL, NULL, NULL, NULL),
(1931, '07026470', 1, 4, NULL, 'Miercoles', '2020-07-15', NULL, NULL, NULL, NULL),
(1932, '07035164', 1, 4, NULL, 'Miercoles', '2020-07-15', NULL, NULL, NULL, NULL),
(1933, '07147314', 1, 4, NULL, 'Miercoles', '2020-07-15', NULL, NULL, NULL, NULL),
(1934, '07241494', 1, 4, NULL, 'Miercoles', '2020-07-15', NULL, NULL, NULL, NULL),
(1935, '07405481', 1, 4, NULL, 'Miercoles', '2020-07-15', NULL, NULL, NULL, NULL),
(1936, '07569381', 1, 4, NULL, 'Miercoles', '2020-07-15', NULL, NULL, NULL, NULL),
(1937, '07611148', 1, 4, NULL, 'Miercoles', '2020-07-15', NULL, NULL, NULL, NULL),
(1938, '07674010', 1, 4, NULL, 'Miercoles', '2020-07-15', NULL, NULL, NULL, NULL),
(1939, '07893052', 1, 4, NULL, 'Miercoles', '2020-07-15', NULL, NULL, NULL, NULL),
(1940, '07909229', 1, 4, NULL, 'Miercoles', '2020-07-15', NULL, NULL, NULL, NULL),
(1941, '07956490', 1, 4, NULL, 'Miercoles', '2020-07-15', NULL, NULL, NULL, NULL),
(1942, '08009557', 1, 4, NULL, 'Miercoles', '2020-07-15', NULL, NULL, NULL, NULL),
(1943, '08086960', 1, 4, NULL, 'Miercoles', '2020-07-15', NULL, NULL, NULL, NULL),
(1944, '08102608', 1, 4, NULL, 'Miercoles', '2020-07-15', NULL, NULL, NULL, NULL),
(1945, '08182892', 1, 4, NULL, 'Miercoles', '2020-07-15', NULL, NULL, NULL, NULL),
(1946, '08265137', 1, 4, NULL, 'Miercoles', '2020-07-15', NULL, NULL, NULL, NULL),
(1947, '08362795', 1, 4, NULL, 'Miercoles', '2020-07-15', NULL, NULL, NULL, NULL),
(1948, '08362828', 1, 4, NULL, 'Miercoles', '2020-07-15', NULL, NULL, NULL, NULL),
(1949, '08391755', 1, 4, NULL, 'Miercoles', '2020-07-15', NULL, NULL, NULL, NULL),
(1950, '08401157', 1, 4, NULL, 'Miercoles', '2020-07-15', NULL, NULL, NULL, NULL),
(1951, '08404484', 1, 4, NULL, 'Miercoles', '2020-07-15', NULL, NULL, NULL, NULL),
(1952, '08480056', 1, 4, NULL, 'Miercoles', '2020-07-15', NULL, NULL, NULL, NULL),
(1953, '08560779', 1, 4, NULL, 'Miercoles', '2020-07-15', NULL, NULL, NULL, NULL),
(1954, '08766287', 1, 4, NULL, 'Miercoles', '2020-07-15', NULL, NULL, NULL, NULL),
(1955, '08781895', 1, 4, NULL, 'Miercoles', '2020-07-15', NULL, NULL, NULL, NULL),
(1956, '08794524', 1, 4, NULL, 'Miercoles', '2020-07-15', NULL, NULL, NULL, NULL),
(1957, '08806618', 1, 4, NULL, 'Miercoles', '2020-07-15', NULL, NULL, NULL, NULL),
(1958, '08900576', 1, 4, NULL, 'Miercoles', '2020-07-15', NULL, NULL, NULL, NULL),
(1959, '08952014', 1, 4, NULL, 'Miercoles', '2020-07-15', NULL, NULL, NULL, NULL),
(1960, '08958019', 1, 4, NULL, 'Miercoles', '2020-07-15', NULL, NULL, NULL, NULL),
(1961, '09086507', 1, 4, NULL, 'Miercoles', '2020-07-15', NULL, NULL, NULL, NULL),
(1962, '09120859', 1, 4, NULL, 'Miercoles', '2020-07-15', NULL, NULL, NULL, NULL),
(1963, '09136342', 1, 4, NULL, 'Miercoles', '2020-07-15', NULL, NULL, NULL, NULL),
(1964, '09237051', 1, 4, NULL, 'Miercoles', '2020-07-15', NULL, NULL, NULL, NULL),
(1965, '09253109', 1, 4, NULL, 'Miercoles', '2020-07-15', NULL, NULL, NULL, NULL),
(1966, '09289133', 1, 4, NULL, 'Miercoles', '2020-07-15', NULL, NULL, NULL, NULL),
(1967, '09405771', 1, 4, NULL, 'Miercoles', '2020-07-15', NULL, NULL, NULL, NULL),
(1968, '09409485', 1, 4, NULL, 'Miercoles', '2020-07-15', NULL, NULL, NULL, NULL),
(1969, '09541875', 1, 4, NULL, 'Miercoles', '2020-07-15', NULL, NULL, NULL, NULL),
(1970, '09546471', 1, 4, NULL, 'Miercoles', '2020-07-15', NULL, NULL, NULL, NULL),
(1971, '09582979', 1, 4, NULL, 'Miercoles', '2020-07-15', NULL, NULL, NULL, NULL),
(1972, '09682926', 1, 4, NULL, 'Miercoles', '2020-07-15', NULL, NULL, NULL, NULL),
(1973, '09721083', 1, 4, NULL, 'Miercoles', '2020-07-15', NULL, NULL, NULL, NULL),
(1974, '09827810', 1, 4, NULL, 'Miercoles', '2020-07-15', NULL, NULL, NULL, NULL),
(1975, '09874960', 1, 4, NULL, 'Miercoles', '2020-07-15', NULL, NULL, NULL, NULL),
(1976, '10007876', 1, 4, NULL, 'Miercoles', '2020-07-15', NULL, NULL, NULL, NULL),
(1977, '10014826', 1, 4, NULL, 'Miercoles', '2020-07-15', NULL, NULL, NULL, NULL),
(1978, '10015145', 1, 4, NULL, 'Miercoles', '2020-07-15', NULL, NULL, NULL, NULL),
(1979, '10022020', 1, 4, NULL, 'Miercoles', '2020-07-15', NULL, NULL, NULL, NULL),
(1980, '10037324', 1, 4, NULL, 'Miercoles', '2020-07-15', NULL, NULL, NULL, NULL),
(1981, '10087395', 1, 4, NULL, 'Miercoles', '2020-07-15', NULL, NULL, NULL, NULL),
(1982, '10098289', 1, 4, NULL, 'Miercoles', '2020-07-15', NULL, NULL, NULL, NULL),
(1983, '10331060', 1, 4, NULL, 'Miercoles', '2020-07-15', NULL, NULL, NULL, NULL),
(1984, '10338978', 1, 4, NULL, 'Miercoles', '2020-07-15', NULL, NULL, NULL, NULL),
(1985, '10348997', 1, 4, NULL, 'Miercoles', '2020-07-15', NULL, NULL, NULL, NULL),
(1986, '10447682', 1, 4, NULL, 'Miercoles', '2020-07-15', NULL, NULL, NULL, NULL),
(1987, '10484364', 1, 4, NULL, 'Miercoles', '2020-07-15', NULL, NULL, NULL, NULL),
(1988, '10524996', 1, 4, NULL, 'Miercoles', '2020-07-15', NULL, NULL, NULL, NULL),
(1989, '10650976', 1, 4, NULL, 'Miercoles', '2020-07-15', NULL, NULL, NULL, NULL),
(1990, '10718367', 1, 4, NULL, 'Miercoles', '2020-07-15', NULL, NULL, NULL, NULL),
(1991, '10751082', 1, 4, NULL, 'Miercoles', '2020-07-15', NULL, NULL, NULL, NULL),
(1992, '10809045', 1, 4, NULL, 'Miercoles', '2020-07-15', NULL, NULL, NULL, NULL),
(1993, '10866510', 1, 4, NULL, 'Miercoles', '2020-07-15', NULL, NULL, NULL, NULL),
(1994, '15604382', 1, 4, NULL, 'Miercoles', '2020-07-15', NULL, NULL, NULL, NULL),
(1995, '16120909', 1, 4, NULL, 'Miercoles', '2020-07-15', NULL, NULL, NULL, NULL),
(1996, '16168594', 1, 4, NULL, 'Miercoles', '2020-07-15', NULL, NULL, NULL, NULL),
(1997, '16168702', 1, 4, NULL, 'Miercoles', '2020-07-15', NULL, NULL, NULL, NULL),
(1998, '18098269', 1, 4, NULL, 'Miercoles', '2020-07-15', NULL, NULL, NULL, NULL),
(1999, '19944586', 1, 4, NULL, 'Miercoles', '2020-07-15', NULL, NULL, NULL, NULL),
(2000, '21527619', 1, 4, NULL, 'Miercoles', '2020-07-15', NULL, NULL, NULL, NULL),
(2001, '21860621', 1, 4, NULL, 'Miercoles', '2020-07-15', NULL, NULL, NULL, NULL),
(2002, '21864142', 1, 4, NULL, 'Miercoles', '2020-07-15', NULL, NULL, NULL, NULL),
(2003, '25619982', 1, 4, NULL, 'Miercoles', '2020-07-15', NULL, NULL, NULL, NULL),
(2004, '40032759', 1, 4, NULL, 'Miercoles', '2020-07-15', NULL, NULL, NULL, NULL),
(2005, '40131252', 1, 4, NULL, 'Miercoles', '2020-07-15', NULL, NULL, NULL, NULL),
(2006, '40174999', 1, 4, NULL, 'Miercoles', '2020-07-15', NULL, NULL, NULL, NULL),
(2007, '40228607', 1, 4, NULL, 'Miercoles', '2020-07-15', NULL, NULL, NULL, NULL),
(2008, '40305202', 1, 4, NULL, 'Miercoles', '2020-07-15', NULL, NULL, NULL, NULL),
(2009, '41292845', 1, 4, NULL, 'Miercoles', '2020-07-15', NULL, NULL, NULL, NULL),
(2010, '41739825', 1, 4, NULL, 'Miercoles', '2020-07-15', NULL, NULL, NULL, NULL),
(2011, '42646856', 1, 4, NULL, 'Miercoles', '2020-07-15', NULL, NULL, NULL, NULL),
(2012, '42848773', 1, 4, NULL, 'Miercoles', '2020-07-15', NULL, NULL, NULL, NULL),
(2013, '43279379', 1, 4, NULL, 'Miercoles', '2020-07-15', NULL, NULL, NULL, NULL),
(2014, '43476111', 1, 4, NULL, 'Miercoles', '2020-07-15', NULL, NULL, NULL, NULL),
(2015, '43924539', 1, 4, NULL, 'Miercoles', '2020-07-15', NULL, NULL, NULL, NULL),
(2016, '44022944', 1, 4, NULL, 'Miercoles', '2020-07-15', NULL, NULL, NULL, NULL),
(2017, '44628281', 1, 4, NULL, 'Miercoles', '2020-07-15', NULL, NULL, NULL, NULL),
(2018, '44807430', 1, 4, NULL, 'Miercoles', '2020-07-15', NULL, NULL, NULL, NULL),
(2019, '44859897', 1, 4, NULL, 'Miercoles', '2020-07-15', NULL, NULL, NULL, NULL),
(2020, '45124334', 1, 4, NULL, 'Miercoles', '2020-07-15', NULL, NULL, NULL, NULL),
(2021, '45983867', 1, 4, NULL, 'Miercoles', '2020-07-15', NULL, NULL, NULL, NULL),
(2022, '48666856', 1, 4, NULL, 'Miercoles', '2020-07-15', NULL, NULL, NULL, NULL),
(2023, '70008397', 1, 4, NULL, 'Miercoles', '2020-07-15', NULL, NULL, NULL, NULL),
(2024, '70219860', 1, 4, NULL, 'Miercoles', '2020-07-15', NULL, NULL, NULL, NULL),
(2025, '70295941', 1, 4, NULL, 'Miercoles', '2020-07-15', NULL, NULL, NULL, NULL),
(2026, '72849319', 1, 4, NULL, 'Miercoles', '2020-07-15', NULL, NULL, NULL, NULL),
(2051, '74085764', 1, 8, 'D', 'Martes', '2020-07-21', '12:04:28', NULL, '12:04:32', NULL),
(2052, '74085764', 1, 8, 'D', 'Martes', '2020-07-21', '12:28:35', NULL, '12:29:09', NULL),
(2053, '74085764', 1, 1, 'N', 'Miercoles', '2020-08-05', '21:18:06', NULL, NULL, NULL);

-- --------------------------------------------------------

--
-- Estructura de tabla para la tabla `categoria_asistencia`
--

CREATE TABLE `categoria_asistencia` (
  `ID_CATEGORIA_ASI` int(2) NOT NULL,
  `CATEGORIA` varchar(15) NOT NULL,
  `COLOR` varchar(10) NOT NULL
) ENGINE=InnoDB DEFAULT CHARSET=utf8;

--
-- Volcado de datos para la tabla `categoria_asistencia`
--

INSERT INTO `categoria_asistencia` (`ID_CATEGORIA_ASI`, `CATEGORIA`, `COLOR`) VALUES
(1, 'En Turno', 'info'),
(2, 'Asistió', 'Success'),
(3, 'Tarde', 'warning'),
(4, 'Falto', 'danger'),
(5, 'Justifico', 'Primary'),
(6, 'Onomástico', 'Secondary'),
(7, 'Omision', 'dark'),
(8, 'Jor. Incompleta', 'danger');

-- --------------------------------------------------------

--
-- Estructura de tabla para la tabla `persona`
--

CREATE TABLE `persona` (
  `ID_PERSONA` varchar(15) NOT NULL,
  `TIPO_DOCUMENTO` varchar(25) NOT NULL,
  `NACIONALIDAD` varchar(25) NOT NULL,
  `NOMBRE` varchar(50) NOT NULL,
  `APELLIDO_P` varchar(50) NOT NULL,
  `APELLIDO_M` varchar(50) NOT NULL,
  `SEXO` varchar(1) NOT NULL,
  `FECHA_NACIMIENTO` varchar(12) DEFAULT NULL,
  `CORREO` varchar(70) DEFAULT NULL,
  `TELEFONO` varchar(14) DEFAULT NULL,
  `CELULAR` varchar(11) DEFAULT NULL,
  `CREADO` timestamp NULL DEFAULT CURRENT_TIMESTAMP
) ENGINE=InnoDB DEFAULT CHARSET=utf8;

--
-- Volcado de datos para la tabla `persona`
--

INSERT INTO `persona` (`ID_PERSONA`, `TIPO_DOCUMENTO`, `NACIONALIDAD`, `NOMBRE`, `APELLIDO_P`, `APELLIDO_M`, `SEXO`, `FECHA_NACIMIENTO`, `CORREO`, `TELEFONO`, `CELULAR`, `CREADO`) VALUES
('06000089', 'DNI', 'Peruana', 'Rosa Amelia', 'Rivadeneyra', 'de la torre', '0', '07/07/1952', 'rart0707@hotmail.com', '5677207', '983478826', '2020-05-08 06:01:39'),
('06007764', 'DNI', 'Peruana', 'Felix Celso', 'Meza', 'Rodriguez', '1', '10/05/1953', 'mezafelix@hotmail.com', '3278439', '996797080', '2020-05-08 06:01:39'),
('06058629', 'DNI', 'Peruana', 'Claudina', 'Silva', 'Alvares De Morales', '0', '16/12/2000', 'claudinasilvaalvarez@gmail.com', '', '996932118', '2020-06-14 07:41:24'),
('06088867', 'DNI', 'Peruana', 'Walter Armando', 'Vilchez', 'Medina', '1', '30/08/1960', 'prissma74@yahoo.com', '6818381', '979340285', '2020-05-08 06:01:39'),
('06195983', 'DNI', 'Peruana', 'Eli Max', 'Quispe', 'Salazar', '1', '08/07/1952', 'pmax8@hotmail.com', '', '988410214', '2020-05-20 12:12:32'),
('06245204', 'DNI', 'Peruana', 'Pedro Veda', 'Garcia', 'Teran', '1', '27/05/1960', 'garciateran@gmail.com', '', '993974184', '2020-05-08 06:01:39'),
('06276805', 'DNI', 'Peruana', 'Amelia Rosa', 'Alvarado', 'Garcia', '0', '08/06/2000', 'ameliaarag15@gmail.com', '', '946418393', '2020-06-14 07:55:55'),
('06563877', 'DNI', 'Peruana', 'Rosa Isabel', 'Saravia', 'Navarro', '0', '13/12/2000', 'retacito2@gmail.com', '', '949101184', '2020-06-14 07:39:40'),
('06691798', 'DNI', 'Peruana', 'Juan', 'Garcia', 'Cabrera', '1', '28/06/1951', 'jgc-51@hotmail.com', '2687270', '978055033', '2020-05-08 06:01:39'),
('06993247', 'DNI', 'Peruana', 'Francisco', 'Quihui', 'Ynga', '1', '04/07/1962', 'franciscoqy@hotmail.com', NULL, '977534998', '2020-05-08 06:01:39'),
('07026470', 'DNI', 'Peruana', 'Aniano', 'Urtecho', 'Aguilar', '1', '14/12/1955', 'aua141255@hotmail.com', '5553603', '956915460', '2020-05-08 06:01:39'),
('07035164', 'DNI', 'Peruana', 'Maura Beatriz', 'Monares', 'Chavez', '0', '08/11/1963', 'mabemonares@gmail.com', '2348020', '980755204', '2020-05-08 06:01:39'),
('07147314', 'DNI', 'Peruana', 'Wilfredo', 'Risco', 'paico', '1', '25/09/1962', 'wiripa@hotmail.com', '', '945427814', '2020-05-08 06:01:39'),
('07218435', 'DNI', 'Peruana', 'Lida Armida', 'Jara', 'Vidal', '0', '1960/02/26', 'malui_050@hotmail.com', '', '964760518', '2020-06-03 23:38:44'),
('07241494', 'DNI', 'Peruana', 'Jaime Gregorio', 'Oscco', 'Paredes', '1', '15/05/1960', 'jaimeosccop@hotmail.com ', '', '994471736', '2020-05-08 06:01:39'),
('07405481', 'DNI', 'Peruana', 'Efrain Raul', 'Pongo', 'Campos', '1', '12/12/1960', 'raul.pongo.infinito@gmail.com', '4823679', '993151013', '2020-05-08 06:01:39'),
('07569381', 'DNI', 'Peruana', 'julio Cesar', 'Eyzaguirre', 'Espino', '1', '22/06/1961', 'jeyza2261@gmail.com', '', '997282298', '2020-05-08 06:01:39'),
('07611148', 'DNI', 'Peruana', 'Maria del Rosario', 'Ruiz de Castilla', 'Dongo', '0', '14/03/1960', 'raquelmalena3@hotmail.com', '', '947879906', '2020-05-08 06:01:39'),
('07672853', 'DNI', 'Peruana', 'Nelly Mercedes', 'Melendez', 'Egoavil', '0', '08/06/2000', 'NELLYMELENDEZ001@HOTMAIL.COM', '', '940255056', '2020-06-14 07:50:24'),
('07674010', 'DNI', 'Peruana', 'Juan William', 'Gaspar', 'Prado', '1', '08/03/1955', 'fielati17@gmail.com ', '', '992617228', '2020-05-08 06:01:39'),
('07863264', 'DNI', 'Peruana', 'Jorge Andres', 'Quispe', 'Vega', '1', '08/06/2000', 'jorgequispevega26@hotmail.com', '', '938440138', '2020-06-14 07:53:48'),
('07893052', 'DNI', 'Peruana', 'Dioni Amador', 'Bastidas', 'Pino', '1', '02/09/1956', 'bapidi3@hotmail.com', '', '995685967', '2020-05-08 06:01:39'),
('07909229', 'DNI', 'Peruana', 'Vladimir Hernani', 'Rosas Retuerto', 'Gomez', '1', '18/10/1954', 'vladimirhgomez@hotmail.com ', '', '992450741', '2020-05-08 06:01:39'),
('07956490', 'DNI', 'Peruana', 'Jorge', 'Cumpa', 'Morales', '1', '16/05/1952', 'jorgecumpa16@hotmail.com', '6330442', '953724929', '2020-05-08 06:01:39'),
('08009557', 'DNI', 'Peruana', 'Amadeo Sixto ', 'Antonio', 'Paz Soldan', '1', '01/01/1960', 'asap54@hotmail.com', '4816268', '961786634', '2020-05-08 06:01:39'),
('08086960', 'DNI', 'Peruana', 'Antonio Edilberto ', 'Luyo', 'Quiroz', '1', '01/01/1970', 'aluyoq@unmsm.edu.pe ', '', '956744148', '2020-05-08 06:01:39'),
('08102608', 'DNI', 'Peruana', 'Cesar Edmundo ', 'Padilla', 'Obregon', '1', '05/10/1961', 'cesarpadillaobregon@gmail.com', '2571478', '987213513', '2020-05-08 06:01:39'),
('08182892', 'DNI', 'Peruana', 'Aida Rosa ', 'Cristobal', 'Aguilar', '0', '01/01/1970', 'deliarosa1954@gmail.com ', '2760029', '', '2020-05-08 06:01:39'),
('08265137', 'DNI', 'Peruana', 'Delia Concepcion ', 'Huailla', 'Atao', '0', '08/12/1962', 'huailla.delia@iestpgildaballivian.edu.pe', '2578190', '991475969', '2020-05-08 06:01:39'),
('08350123', 'DNI', 'Peruana', 'Aurelio Estuardo', 'Salazar', 'Diaz', '1', '08/06/2000', '123@hotmail.com', '', '999999999', '2020-06-14 07:38:29'),
('08353251', 'DNI', 'Peruana', 'Rosa Amelia', 'Mostacero', 'Orozco', '0', '08/06/2000', '123@hotmail.com', '', '995901617', '2020-06-14 07:33:39'),
('08360014', 'DNI', 'Peruana', 'Juan Ramon', 'Rodriguez', 'Carrion', '1', '08/06/2000', 'jrrc@hotmail.com', '', '991195843', '2020-06-14 07:37:33'),
('08362795', 'DNI', 'Peruana', 'Luis Alberto ', 'Rojas', 'Cahua', '1', '17/11/1954', 'sirlarc17_rojas@yahoo.es', '5430028', '976325296', '2020-05-08 06:01:39'),
('08362828', 'DNI', 'Peruana', 'Odon Edmundo ', 'Vera', 'Falcon', '1', '16/11/1952', 'overalic@hotmail.com', '', '946856938', '2020-05-08 06:01:39'),
('08391755', 'DNI', 'Peruana', 'Bernabe', 'Tacora', 'Rojas', '1', '11/06/1961', '', NULL, '', '2020-05-08 06:01:39'),
('08398587', 'DNI', 'Peruana', 'Jose Miguel', 'Vasquez', 'Mori', '1', '17/12/2000', 'josemiguelvm1@gmail.com', '', '947235237', '2020-06-14 07:42:49'),
('08401157', 'DNI', 'Peruana', 'Jordan Felipe ', 'Cabrera', 'Nuñez', '1', '20/09/1960', 'nuz1104@gmail.com', '2826610', '980117978', '2020-05-08 06:01:39'),
('08404484', 'DNI', 'Peruana', 'Alfredo Manuel ', 'Rojas', 'Saldaña', '1', '26/06/1962', 'amrs-64@hotmail.com', '2760327', '980169182', '2020-05-08 06:01:39'),
('08408971', 'DNI', 'Peruana', 'Sebastian Jorge', 'Mallqui', 'Enciso', '1', '08/06/2000', '123@hotmail.com', '', '945058985', '2020-06-14 07:32:32'),
('08422154', 'DNI', 'Peruana', 'Mercedes Milagro', 'Franco', 'Vidal', '0', '26/09/1957', 'milafranvi@hotmail.com', '', '985271695', '2020-06-15 19:10:33'),
('08427885', 'DNI', 'Peruana', 'Oswaldo Jaime', 'Rivera', 'Villa', '1', '08/06/2000', 'oswaldoriveravilla@gmail.com', '', '986919009', '2020-06-14 07:36:35'),
('08480056', 'DNI', 'Peruana', 'Evelyn', 'Gomero', 'Gadea', '0', '12/04/1966', 'missevyalone@gmail.com', '5680179', '960864481', '2020-05-08 06:01:39'),
('08547142', 'DNI', 'Peruana', 'Pilar Eddy', 'Cruz', 'Dionisio', '0', '16/10/1965', 'PILAR.CRUZJARA@GMAIL.COM', '', '916169867', '2020-06-14 07:49:16'),
('08560779', 'DNI', 'Peruana', 'Alejandro Lizardo ', 'Carrasco', 'Linares', '1', '02/12/1954', 'lizardo.carrasco2@gmail.com', '121511', '997397529', '2020-05-08 06:01:39'),
('08766287', 'DNI', 'Peruana', 'Elmer Augurio ', 'Negron', 'Alvarado', '1', '21/01/1959', 'enalic@hotmail.com', '2572780', '972798336', '2020-05-08 06:01:39'),
('08781895', 'DNI', 'Peruana', 'Olga Ysabel ', 'Arismendi', 'Cienfuegos', '0', '01/02/1951	\r', 'arismendi_140@hotmail.com', '4486861', '951307689', '2020-05-08 06:01:39'),
('08794524', 'DNI', 'Peruana', 'Jose Luis', 'Razo', 'Quispe', '1', '14/05/1963', 'joserazoq@hotmail.es', '017451025', '999046759', '2020-05-08 06:01:39'),
('08806618', 'DNI', 'Peruana', 'Julio Cesar ', 'Herrera', 'Trelles', '1', '09/03/1954', 'julioherrerat@gmail.com ', '', '991281952', '2020-05-08 06:01:39'),
('08900576', 'DNI', 'Peruana', 'Eustaquio', 'Huarhua', 'Contreras', '1', '20/09/1962', 'huarhua2014@yahoo.com', '', '980571636', '2020-05-08 06:01:39'),
('08943710', 'DNI', 'Peruana', 'Ayde Luz', 'Cerron', 'Huayhuarima', '0', '08/06/2000', 'AYDE_CERRON@HOTMAIL.COM', '', '944619597', '2020-06-14 07:45:57'),
('08952014', 'DNI', 'Peruana', 'Arturo ', 'Ramos', 'Rojas', '1', '20/03/1954', 'ramosarturo@hotmail.com', '2812601', '990347847', '2020-05-08 06:01:39'),
('08958019', 'DNI', 'Peruana', 'Gudelia ', 'Ayquipa', 'Perez', '0', '29/09/1951', 'gap_1951@hotmail.com', '986681325', '986681325', '2020-05-08 06:01:39'),
('09086507', 'DNI', 'Peruana', 'Juan Carlos ', 'Gallardo', 'Mendoza', '1', '11/12/1962', 'jcgallardo62@yahoo.es', '2933705', '926918261', '2020-05-08 06:01:39'),
('09120859', 'DNI', 'Peruana', 'Luis Miguel ', 'Felipe', 'Guillen', '1', '22/08/1961', 'luisfelipeguillen@yahoo.es', '2578190', '977138966', '2020-05-08 06:01:39'),
('09121894', 'DNI', 'Peruana', 'Miguel Angel', 'Becerra', 'Bringas', '1', '30/06/1959', 'becerrabringas@gmail.com', '6088425', '988508766', '2020-05-08 06:01:39'),
('09129625', 'DNI', 'Peruana', 'Nanci', 'Lopez', 'Yoplac', '0', '08/06/2000', 'johasue@hotmail.com', '', '955349018', '2020-06-14 07:30:54'),
('09130661', 'DNI', 'Peruana', 'Carlos Alberto', 'Choque', 'Narvaez', '1', '08/06/2000', 'chequeman12@hotmail.com', '', '980915241', '2020-06-14 07:24:39'),
('09136342', 'DNI', 'Peruana', 'Maria del Pilar ', 'Ponce', 'Tejada', '0', '16/05/1955', 'ptmp0110@hotmail.com', '3228645', '924512005', '2020-05-08 06:01:39'),
('09237051', 'DNI', 'Peruana', 'Aulo Wilfredo ', 'Inga', 'Peña', '1', '06/07/1953', 'electronica_awip@hotmail.com ', '', '986077712', '2020-05-08 06:01:39'),
('09253109', 'DNI', 'Peruana', 'Martin', 'Vasquez', 'Castellanos', '1', '27/02/1960', 'tarantino.es@hotmail.com', '2831277', '931346984', '2020-05-08 06:01:39'),
('09289133', 'DNI', 'Peruana', 'Johnny ', 'Huamani', 'Pariona', '1', '01/01/1970', 'johnny@hotmail.com ', '', '993039492', '2020-05-08 06:01:39'),
('09405771', 'DNI', 'Peruana', 'David Cornelio', 'Huanasca', 'Rivas', '1', '28/08/1967', 'huanascadavidiestpgildalbr@gmail.com', '2851494', '997658338', '2020-05-08 06:01:39'),
('09409485', 'DNI', 'Peruana', 'Walter Santos', 'Segura', 'Santisteban', '1', '01/02/1968', 'waltersegura_45@hotmail.com', NULL, '998642356', '2020-05-08 06:01:39'),
('09541875', 'DNI', 'Peruana', 'Ruth ', 'Luyo', 'Venegas', '0', '16/12/1959', 'ruluve@gmail.com', '', '966998577', '2020-05-08 06:01:39'),
('09546471', 'DNI', 'Peruana', 'Buby Aaron', 'Suarez', 'Eneque', '1', '04/08/1970', 'baarsuarez3@gmail.com', '', '921110565', '2020-05-08 06:01:39'),
('09580069', 'DNI', 'Peruana', 'Zoyla Maria', 'Oliva', 'Asmat', '0', '08/06/2000', 'zoila_oliva2007@hotmail.com', '', '931503826', '2020-06-14 07:35:17'),
('09582979', 'DNI', 'Peruana', 'Wilmer', 'Saldaña', 'Castañeda', '1', '06/01/1971', 'wsaldanac@gmail.com', '', '999323996', '2020-05-08 06:01:39'),
('09682926', 'DNI', 'Peruana', 'Joel Enrique', 'Fabian', 'Bravo', '1', '21/05/1970', 'giddea.automation@gmail.com', '3598669', '991172446', '2020-05-28 07:28:22'),
('09721083', 'DNI', 'Peruana', 'Jorge Marcelino', 'Fernandez', 'Castro', '1', '01/01/1970', 'jfernandez391@hotmail.com', '', '970654712', '2020-05-08 06:01:39'),
('09827810', 'DNI', 'Peruana', 'Javier', 'Camargo', 'Camero', '1', '15/07/1973', 'jav_cam605@hotmail.com', '2507050', '941395737', '2020-05-08 06:01:39'),
('09874960', 'DNI', 'Peruana', 'Jesus ', 'Espinoza', 'Atahuaman', '1', '01/01/1970', 'espinoza.atahuaman@gmail.com', '2577023', '992924795', '2020-05-08 06:01:39'),
('10007876', 'DNI', 'Peruana', 'Lisbe ', 'Fiestas', 'Purizaca', '0', '27/02/1954', 'fiestas.lisbe@iestpgildaballivian.edu.pe', '', '123456789', '2020-05-08 06:01:39'),
('10014826', 'DNI', 'Peruana', 'Walter Jorge', 'Gutierrez', 'Laura', '1', '01/04/1973', 'wlauragu@gmail.com', NULL, '992184432', '2020-05-08 06:01:39'),
('10015145', 'DNI', 'Peruana', 'Manuel David', 'Salinas', 'Hurtado', '1', '09/12/1973', 'davidsalinas2003@hotmail.com', NULL, '961707701', '2020-05-08 06:01:39'),
('10022020', 'DNI', 'Peruana', 'Roduen', 'Colos', 'Tenorio', '1', '03/02/1972', 'rctcolos@hotmail.com', '', '935545144', '2020-05-08 06:01:39'),
('10037324', 'DNI', 'Peruana', 'Pedro Luis', 'Cuti', 'Huamani', '1', '25/08/1976', 'luis.2n3904@gmail.com', '', '912608680', '2020-06-01 07:16:40'),
('10087395', 'DNI', 'Peruana', 'Ana Yovana', 'Mamani', 'Santa Cruz', '0', '31/05/1975', 'anayomasc@hotmail.com', '2834324', '992634328', '2020-05-08 06:01:39'),
('10098289', 'DNI', 'Peruana', 'Guillermo', 'Hernandez', 'Becerra', '1', '20/05/1969', 'guille2105@hotmail.com', '', '973993002', '2020-05-08 06:01:39'),
('10226614', 'DNI', 'Peruana', 'Nosser Mariano ', 'Jurado', 'Guillen', '1', '12/09/1957', 'nosserjurado@gmail.com', '', '996294260', '2020-05-08 06:01:39'),
('10331060', 'DNI', 'Peruana', 'Federico Antonio ', 'Pareja', 'Pinto', '1', '20/01/1964', 'pareja200164@hotmail.com', '', '944248064', '2020-05-08 06:01:39'),
('10338978', 'DNI', 'Peruana', 'Maria Emilia ', 'Yaya', 'Gomez', '0', '22/10/1961', 'mariayayaistpgbr@gmail.com', '', '999500054', '2020-05-08 06:01:39'),
('10348997', 'DNI', 'Peruana', 'Pedro de los Angeles ', 'Portal', 'Bazan', '1', '30/06/1977', 'argosvoip@gmail.com', '', '997930533', '2020-05-08 06:01:39'),
('10447682', 'DNI', 'Peruana', 'Emilia', 'Soria', 'Perez', '0', '18/08/1959', 'esoriap@yahoo.es', '2878449', '954637007', '2020-05-08 06:01:39'),
('10484364', 'DNI', 'Peruana', 'Maricela Fresia ', 'Olivares', 'Mandujano', '0', '25/02/1969', 'molivaresm2502@gmail.com', '', '922011319', '2020-05-08 06:01:39'),
('10519723', 'DNI', 'Peruana', 'Wilfredo', 'Noa', 'Cahuayme', '1', '08/06/2000', 'philpe.noa@gmail.com', '', '943810051', '2020-06-14 07:56:45'),
('10524996', 'DNI', 'Peruana', 'Magdalena Hilaria', 'Choque', 'Cayllahua', '0', '20/12/1976', 'zedka2006@hotmail.com', NULL, '916674324', '2020-05-08 06:01:39'),
('10650976', 'DNI', 'Peruana', 'Efrain', 'Vicencio', 'Ramos', '1', '23/03/1975', 'efrainvicencio@hotmail.com', '', '988882398', '2020-05-08 06:01:39'),
('10718367', 'DNI', 'Peruana', 'Eladio', 'Llamoga', 'Sanchez', '1', '18/02/1962', 'llamogasanchezeladio@gmail.com', '', '996358097', '2020-05-08 06:01:39'),
('10751082', 'DNI', 'Peruana', 'Lourdes', 'Huayllani', 'Yllatinco', '1', '14/08/1977', 'lourdes1408.hy@gmail.com', '', '987348945', '2020-05-25 11:00:06'),
('10809045', 'DNI', 'Peruana', 'Cesar Edison', 'Gutierrez', 'Torres', '1', '11/08/1977', 'profeguti015@hotmail.com', NULL, '999502351', '2020-05-08 06:01:39'),
('10866510', 'DNI', 'Peruana', 'Virginia Libertad ', 'Azahuanche', 'Asmat', '0', '28/07/1955', 'architecazahuanche@hotmail.com', '5024562', '926623489', '2020-05-08 06:01:39'),
('15415656', 'DNI', 'Peruana', 'Edy Antonio', 'Arias', 'Huapaya', '1', '08/06/2000', 'edy_gato@hotmail.com', '', '994479494', '2020-06-14 07:19:34'),
('15604382', 'DNI', 'Peruana', 'Jim Andrew', 'Palomares', 'Anselmo', '1', '14/10/1963', 'palomares.anselmo@gmail.com', '2741350', '991240073', '2020-05-08 06:01:39'),
('16120909', 'DNI', 'Peruana', 'Nolberto', 'Rosales', 'Feliciano', '1', '09/09/1963', 'nolbert_rosales@hotmail.com', NULL, '924369120', '2020-05-08 06:01:39'),
('16168594', 'DNI', 'Peruana', 'Neil', 'Quispe', 'Flores', '1', '02/08/1971', 'neil_nil@hotmail.com', NULL, '991854061', '2020-05-08 06:01:39'),
('16168702', 'DNI', 'Peruana', 'Wilmer Washington ', 'Calderon', 'Cornelio', '1', '10/04/1971', 'wilmercaldern71@hotmail.com', '', '982815916', '2020-05-08 06:01:39'),
('18098269', 'DNI', 'Peruana', 'Hernan Ramiro', 'Pinedo', 'Palacios', '1', '29/11/1968', 'hernan.pinedo@pucp.pe', '', '957503542', '2020-05-25 10:56:51'),
('19557438', 'DNI', 'Peruana', 'Juan Alberto', 'De La Cruz', 'Otiniano', '1', '08/06/2000', 'juandelacruzotiniano@hotmail.com', '', '945236445', '2020-06-14 07:27:30'),
('19944586', 'DNI', 'Peruana', 'Roberto Florentino ', 'Unsihuay', 'Tovar', '1', '27/08/1958', 'runsihuayt@gmail.com', '', '997107544', '2020-05-08 06:01:39'),
('21527619', 'DNI', 'Peruana', 'Dennis Daniel', 'Chipana', 'Tagle', '1', '01/01/1971', 'chipanatagle@yahoo.es', '2736662', '946575043', '2020-05-08 06:01:39'),
('21860621', 'DNI', 'Peruana', 'Roberto Edgardo ', 'Talla', 'Condezo', '1', '27/05/1971', 'robertotalla@hotmail.com', '', '996759283', '2020-05-08 06:01:39'),
('21864142', 'DNI', 'Peruana', 'Lilia Edith ', 'Herencia', 'Vicuña', '0', '24/08/1973', 'liliaedith2408@gmail.com', '', '989016258', '2020-05-08 06:01:39'),
('25619982', 'DNI', 'Peruana', 'Elizabeth Diana', 'Solano', 'Zapata', '0', '01/07/1966', 'solano.elizabeth@iestpgildaballivian.edu.pe', '4651796', '922969988', '2020-05-08 06:01:39'),
('29556963', 'DNI', 'Peruana', 'Martha Maritza', 'Molina', 'Delgado', '0', '08/06/2000', 'MARTHA.MD.21@HOTMAIL.COM', '', '943861917', '2020-06-14 07:54:55'),
('40032759', 'DNI', 'Peruana', 'Jose Diomedes', 'Gutierrez', 'Barahona', '1', '23/10/1978', 'josegutierrez1978@gmai.com', '2878835', '991241507', '2020-05-08 06:01:39'),
('40034231', 'DNI', 'Peruana', 'Cristian Walter', 'Milla', 'Aguilar', '1', '30/10/1978', 'milla.cristian@iestpgildaballivian.edu.pe', '', '980487305', '2020-06-05 04:48:06'),
('40131252', 'DNI', 'Peruana', 'Petter Cristiams', 'Quispe', 'Mitma', '1', '18/02/1979', 'petter-mecanicdiesel@hotmail.com', NULL, '942299644', '2020-05-08 06:01:39'),
('40174999', 'DNI', 'Peruana', 'Wilder', 'Blas', 'Navarro', '1', '28/08/1978', 'wildernavarro58@gmail.com', NULL, '960493224', '2020-05-08 06:01:39'),
('40228607', 'DNI', 'Peruana', 'Wilfredo', 'Arone', 'Allca', '1', '19/06/1979', 'wilfredoarone@gmail.com', '', '996531352', '2020-05-08 06:01:39'),
('40305202', 'DNI', 'Peruana', 'Liz Maribel', 'Zegarra', 'Barrientos', '0', '03/09/1979', 'lizmar3979@hotmail.com', '', '915231607', '2020-05-08 06:01:39'),
('40899608', 'DNI', 'Peruana', 'Julio Cesar', 'Garcia', 'La Chira', '1', '17/07/1979', 'JULIOCESAR_G_26@HOTMAIL.COM', '', '992038334', '2020-06-14 07:57:36'),
('41292845', 'DNI', 'Peruana', 'Juan Eduardo', 'Durand', 'Juarez', '1', '18/03/1982', 'profedurand2018@gmail.com', '', '987600728', '2020-05-28 00:00:18'),
('41426972', 'DNI', 'Peruana', 'Leonarda', 'Navarro', 'Cumpa', '0', '29/01/1982', 'malui_050@hotmail.com', '', '996798755', '2020-05-28 06:55:28'),
('41739825', 'DNI', 'Peruana', 'Augusto Alex', 'Huaranca', 'Olivares', '1', '21/11/1982', 'alexhuaranca@hotmail.com', '2912170', '920560130', '2020-05-08 06:01:39'),
('41966159', 'DNI', 'Peruana', 'Marcelino Cerilo', 'Celio', 'Verde', '1', '08/06/2000', 'CELIOVERDE2@HOTMAIL.COM', '', '996260312', '2020-06-14 07:43:52'),
('42646856', 'DNI', 'Peruana', 'Rigoberto Percy', 'Huaracha', 'Casas', '1', '18/05/1978', 'percy_tnthc@hotmail.com', '', '935864005', '2020-05-08 06:01:39'),
('42848773', 'DNI', 'Peruana', 'Luis Alberto', 'Ramirez', 'Chuquihuanga', '1', '17/02/1985', 'luisramirezch7@gmail.com', '', '969016356', '2020-05-08 06:01:39'),
('43279379', 'DNI', 'Peruana', 'Claudia Rosa', 'Dorival', 'Palomino', '0', '17/05/1984', 'cdorivalc@gmail.com', NULL, '988844406', '2020-05-08 06:01:39'),
('43442980', 'DNI', 'Peruana', 'Alexandra Haydee', 'Pe&ntilde;aloza', '&ntilde;ahue', '0', '08/06/2000', 'alexandrap987@hotmail.com', '', '980943591', '2020-06-14 07:58:27'),
('43476111', 'DNI', 'Peruana', 'Webster', 'Rodriguez', 'Jimenez', '0', '30/12/1985', 'webster307@gmail.com', '', '987872498', '2020-05-08 06:01:39'),
('43924539', 'DNI', 'Peruana', 'Alex Noe', 'Gallardo', 'Lopez', '1', '19/09/1986', 'alexnoegallardolopez19@gmail.com', '', '994713645', '2020-05-25 10:57:46'),
('44022944', 'DNI', 'Peruana', 'Arleny Jaritza', 'Cancho', 'Polido', '0', '10/07/1984', 'yajairaladulce@hotmail.com', '', '965928733', '2020-06-02 05:21:24'),
('44444444', 'DNI', 'Peruana', 'Hemiliana', 'Diaz', 'Cespedes', '0', '03/12/1988', 'fer@gmaicl.com', '', '999999999', '2020-07-07 03:55:27'),
('44628281', 'DNI', 'Peruana', 'Yhor May', 'Guardia', 'Zambrano', '1', '19/11/1987', 'yhor.guardia@gmail.com', '016915910', '967136556', '2020-05-25 11:16:23'),
('44807430', 'DNI', 'Peruana', 'Luis Alfredo', 'Nolasco', 'Sandoval', '1', '12/12/1987', 'nolascosandovalluis@gmail.com', NULL, '934690518', '2020-05-08 06:01:39'),
('44859897', 'DNI', 'Peruana', 'Higmmer Santiago', 'Presentacion', 'Quispe', '1', '29/11/1986', 'spresentacion@hotmail.com', '', '991686210', '2020-05-08 06:01:39'),
('45124334', 'DNI', 'Peruana', 'Zosimo', 'Cardenas', 'Villa', '1', '17/06/1988', 'carvilzoperu@gmail.com', NULL, '940321923', '2020-05-08 06:01:39'),
('45983867', 'DNI', 'Peruana', 'Sergio Carlos Andres', 'Villavicencio', 'Jimenez', '1', '29/09/1989', 'ing.sergio.villavicencio@gmail.com', NULL, '945153778', '2020-05-08 06:01:39'),
('48666856', 'DNI', 'Peruana', 'Yahayra Brenda', 'Guzman', 'Espinoza', '0', '12/07/1995', 'Jade.bris.guz.esp@gmail.com', '', '925015764', '2020-05-08 06:01:39'),
('66666666', 'DNI', 'Peruana', 'jefer', 'neyra', 'merino', '1', '18/06/1999', 'jefer@gmail.com', '', '999988888', '2020-08-06 17:35:15'),
('70008397', 'DNI', 'Peruana', 'Hassan Jair', 'Chipana', 'Mamani', '1', '21/01/1993', 'hassanchipam@gmail.com', '', '924581591', '2020-05-08 06:01:39'),
('70219860', 'DNI', 'Peruana', 'Edisson Junior', 'Cule', 'Zambrano', '1', '12/07/1994', 'junior1994julio@gmail.com', NULL, '941696325', '2020-05-08 06:01:39'),
('70295941', 'DNI', 'Peruana', 'Miguel Angel', 'Flores', 'Quispe', '1', '08/08/1995', 'fmicky095@gmail.com', '961694633', '961694633', '2020-05-08 06:01:39'),
('72849319', 'DNI', 'Peruana', 'Abel Antonio', 'Ulloa', 'Revattta', '1', '29/01/1991', 'abelulloa10@gmail.com', '', '988918970', '2020-06-01 07:47:24'),
('74085764', 'DNI', 'Peruana', 'Fernando Martin Renne', 'Polanco', 'Solgorre', '1', '18/06/1999', 'fernando.solgorre@gmail.com', '11111111111', '967342228', '2020-05-08 06:01:39'),
('75079131', 'DNI', 'Peruana', 'Jeferson', 'Neira', 'Merino', '1', '01/01/1970', 'chipi@gmail.com', '', '999999999', '2020-07-08 00:24:36'),
('88888888', 'DNI', 'Peruana', 'fsdfsd', 'fsdfds', 'fsfsf', '1', '18/12/1877', 'dasdsd@gmai.com', '', '555555555', '2020-07-08 00:30:19');

--
-- Disparadores `persona`
--
DELIMITER $$
CREATE TRIGGER `create_usuario` AFTER INSERT ON `persona` FOR EACH ROW INSERT INTO usuario (`ID_PERSONA`, `USUARIO`, `PASSWORD`) VALUES (NEW.ID_PERSONA,NEW.ID_PERSONA,NEW.ID_PERSONA)
$$
DELIMITER ;

-- --------------------------------------------------------

--
-- Estructura de tabla para la tabla `plaza_vacante`
--

CREATE TABLE `plaza_vacante` (
  `ID_PLAZA_VACANTE` int(11) NOT NULL,
  `ID_SEMESTRE` int(11) NOT NULL,
  `PLAZA` varchar(20) NOT NULL,
  `CARGO` varchar(50) DEFAULT NULL,
  `TIPO` varchar(20) DEFAULT NULL,
  `ID_AREA` int(11) DEFAULT NULL,
  `HORA` int(3) NOT NULL,
  `POSICION_CH` int(3) NOT NULL,
  `CREADO` timestamp NOT NULL DEFAULT CURRENT_TIMESTAMP
) ENGINE=InnoDB DEFAULT CHARSET=utf8;

--
-- Volcado de datos para la tabla `plaza_vacante`
--

INSERT INTO `plaza_vacante` (`ID_PLAZA_VACANTE`, `ID_SEMESTRE`, `PLAZA`, `CARGO`, `TIPO`, `ID_AREA`, `HORA`, `POSICION_CH`, `CREADO`) VALUES
(1, 1, '391211111824', 'Director General', 'NOMBRADO', NULL, 40, 1, '2020-05-08 01:01:40'),
(2, 1, '391211115825', 'Jefe de La Unidad Académica', 'NOMBRADO', 1, 40, 2, '2020-05-08 01:01:40'),
(3, 1, '391211113828', 'Jefe de Unidad de Bienestar y Empleabilidad', 'NOMBRADO', 7, 40, 3, '2020-05-08 01:01:40'),
(4, 1, '591271112824', 'Jefe de Unidad de Investigación', 'NOMBRADO', 4, 40, 4, '2020-05-08 01:01:40'),
(5, 1, '391211114829', 'Jefe de Unidad de Formación Continua y Empleabilid', 'NOMBRADO', 5, 40, 5, '2020-05-08 01:01:40'),
(6, 1, '591271112826', 'Jefe del Área de Calidad', 'NOMBRADO', 4, 40, 6, '2020-05-08 01:01:40'),
(7, 1, '391211111825', 'Jefe de Secretaria Académica', 'NOMBRADO', 4, 40, 7, '2020-05-08 01:01:40'),
(8, 1, '391211112822', 'Jefe de Área de Administración', 'NOMBRADO', 2, 40, 8, '2020-05-08 01:01:40'),
(9, 1, '391211111820', 'Jefe de Área Académica', 'NOMBRADO', 1, 40, 9, '2020-05-08 01:01:40'),
(10, 1, '391211111827', 'Jefe de Área Académica', 'NOMBRADO', 2, 40, 10, '2020-05-08 01:01:40'),
(11, 1, '391211111828', 'Jefe de Área Académica', 'NOMBRADO', 3, 40, 11, '2020-05-08 01:01:40'),
(12, 1, '391211113821', 'Jefe de Área Académica ', 'NOMBRADO', 5, 40, 12, '2020-05-08 01:01:40'),
(13, 1, '391211111826', 'Jefe de Área Académica ', 'NOMBRADO', 6, 40, 13, '2020-05-08 01:01:40'),
(14, 1, '15EV01812644', 'Jefe de Área Académica ', 'NOMBRADO', 9, 40, 14, '2020-05-08 01:01:40'),
(15, 1, '391211112821', 'Jefe de Área Académica', 'NOMBRADO', 4, 40, 15, '2020-05-08 01:01:40'),
(16, 1, '15EV01812643', 'Jefe de Área Académica ', 'NOMBRADO', 8, 40, 16, '2020-05-08 01:01:40'),
(17, 1, '59H2Z1112820', 'Coordinador ', 'NOMBRADO', 7, 40, 17, '2020-05-08 01:01:40'),
(18, 1, '391211114827', 'Docente ', 'NOMBRADO', 7, 40, 18, '2020-05-08 01:01:40'),
(19, 1, '59H2Z1113822', 'Docente ', 'NOMBRADO', 7, 40, 19, '2020-05-08 01:01:40'),
(20, 1, '391211112826', 'Docente ', 'NOMBRADO', 7, 40, 20, '2020-05-08 01:01:40'),
(21, 1, '391211114826', 'Docente ', 'NOMBRADO', 7, 40, 21, '2020-05-08 01:01:40'),
(22, 1, '391211112823', 'Docente ', 'NOMBRADO', 7, 40, 22, '2020-05-08 01:01:40'),
(23, 1, '591271112821', 'Docente', 'NOMBRADO', 7, 40, 23, '2020-05-08 01:01:40'),
(24, 1, '75H2Z1113825', 'Docente', 'NOMBRADO', 7, 40, 24, '2020-05-08 01:01:40'),
(25, 1, '591271112825', 'Docente ', 'NOMBRADO', 7, 40, 25, '2020-05-08 01:01:40'),
(26, 1, '391211113824', 'Docente ', 'NOMBRADO', 1, 40, 26, '2020-05-08 01:01:40'),
(27, 1, '391211111823', 'Docente ', 'NOMBRADO', 1, 40, 27, '2020-05-08 01:01:40'),
(28, 1, '391211112825', 'Docente ', 'NOMBRADO', 1, 30, 28, '2020-05-08 01:01:40'),
(29, 1, '101211111823', 'Docente ', 'NOMBRADO', 2, 40, 29, '2020-05-08 01:01:40'),
(30, 1, '391211113829', 'Docente ', 'NOMBRADO', 2, 40, 30, '2020-05-08 01:01:40'),
(31, 1, '591271111820', 'Docente', 'NOMBRADO', 2, 30, 31, '2020-05-08 01:01:40'),
(32, 1, '391211114823', 'Docente', 'NOMBRADO', 2, 30, 32, '2020-05-08 01:01:40'),
(33, 1, '391211114828', 'Docente', 'NOMBRADO', 3, 40, 33, '2020-05-08 01:01:40'),
(34, 1, '391211113822', 'Docente', 'NOMBRADO', 3, 40, 34, '2020-05-08 01:01:40'),
(35, 1, '101211111822', 'Docente', 'NOMBRADO', 3, 40, 35, '2020-05-08 01:01:40'),
(36, 1, '391211114824', 'Docente', 'NOMBRADO', 3, 30, 36, '2020-05-08 01:01:40'),
(37, 1, '391211113820', 'Docente', 'NOMBRADO', 3, 30, 37, '2020-05-08 01:01:40'),
(38, 1, '591271111823', 'Docente', 'NOMBRADO', 4, 40, 38, '2020-05-08 01:01:40'),
(39, 1, '591271112828', 'Docente', 'NOMBRADO', 5, 40, 39, '2020-05-08 01:01:40'),
(40, 1, '391211115828', 'Docente', 'NOMBRADO', 5, 30, 40, '2020-05-08 01:01:40'),
(41, 1, '591271112829', 'Docente', 'NOMBRADO', 6, 40, 41, '2020-05-08 01:01:40'),
(42, 1, '59B2Z1114829', 'Docente', 'NOMBRADO', 6, 40, 42, '2020-05-08 01:01:40'),
(43, 1, '391211114820', 'Docente', 'NOMBRADO', 6, 30, 43, '2020-05-08 01:01:40'),
(44, 1, '391211115827', 'Docente', 'NOMBRADO', 6, 30, 44, '2020-05-08 01:01:40'),
(45, 1, '391211112824', 'Docente', 'NOMBRADO', 6, 30, 45, '2020-05-08 01:01:40'),
(46, 1, '391211112828', 'Docente', 'NOMBRADO', 6, 30, 46, '2020-05-08 01:01:40'),
(47, 1, '591271111829', 'Docente', 'NOMBRADO', 8, 40, 47, '2020-05-08 01:01:40'),
(48, 1, '591271111824', 'Docente', 'NOMBRADO', 8, 40, 48, '2020-05-08 01:01:40'),
(49, 1, '591271111827', 'Docente', 'NOMBRADO', 8, 40, 49, '2020-05-08 01:01:40'),
(50, 1, '391211115821', 'Docente', 'NOMBRADO', 8, 30, 50, '2020-05-08 01:01:40'),
(51, 1, '32H4Z1112824', 'Docente', 'NOMBRADO', 9, 40, 51, '2020-05-08 01:01:40'),
(52, 1, '591271112823', 'Docente', 'PLAZAS POR SUPLENCIA', 1, 40, 52, '2020-05-08 01:01:40'),
(53, 1, '391211112829', 'Docente', 'PLAZAS POR SUPLENCIA', 1, 40, 53, '2020-05-08 01:01:40'),
(54, 1, '30R211111827', 'Docente', 'PLAZAS POR SUPLENCIA', 2, 40, 54, '2020-05-08 01:01:40'),
(55, 1, '391211113827', 'Docente', 'PLAZAS POR SUPLENCIA', 2, 30, 55, '2020-05-08 01:01:40'),
(56, 1, '391211115829', 'Docente', 'PLAZAS POR SUPLENCIA', 3, 30, 56, '2020-05-08 01:01:40'),
(57, 1, '591271111828', 'Docente', 'PLAZAS POR SUPLENCIA', 3, 40, 57, '2020-05-08 01:01:40'),
(58, 1, '391211113823', 'Docente', 'PLAZAS POR SUPLENCIA', 5, 40, 58, '2020-05-08 01:01:40'),
(59, 1, '391211115824', 'Docente', 'PLAZAS POR SUPLENCIA', 5, 40, 59, '2020-05-08 01:01:40'),
(60, 1, '531311111822', 'Docente', 'PLAZAS POR SUPLENCIA', 5, 30, 60, '2020-05-08 01:01:40'),
(61, 1, '391211113825', 'Docente', 'PLAZAS POR SUPLENCIA', 6, 40, 61, '2020-05-08 01:01:40'),
(62, 1, '391211112820', 'Docente', 'PLAZAS POR SUPLENCIA', 8, 40, 62, '2020-05-08 01:01:40'),
(63, 1, '391211115826', 'Docente', 'PLAZAS POR SUPLENCIA', 9, 40, 63, '2020-05-08 01:01:40'),
(64, 1, '591271111822', 'Docente', 'PLAZAS POR SUPLENCIA', 9, 40, 64, '2020-05-08 01:01:40'),
(65, 1, '591271111825', 'Docente', 'PLAZAS POR SUPLENCIA', 9, 40, 65, '2020-05-08 01:01:40'),
(66, 1, '591271111826', 'Docente', 'PLAZAS POR SUPLENCIA', 9, 40, 66, '2020-05-08 01:01:40'),
(67, 1, '591211111822', 'Docente', 'PLAZAS POR SUPLENCIA', 9, 40, 67, '2020-05-08 01:01:40'),
(68, 1, '391211111822', 'Docente', 'PLAZAS POR SUPLENCIA', 9, 40, 68, '2020-05-08 01:01:40'),
(69, 1, '391211115822', 'Docente', 'PLAZAS ORGANICAS - E', 1, 40, 69, '2020-05-08 01:01:40'),
(70, 1, '591271112827', 'Docente', 'PLAZAS ORGANICAS - E', 2, 40, 70, '2020-05-08 01:01:40'),
(71, 1, '391211114825', 'Docente', 'PLAZAS ORGANICAS - E', 5, 30, 71, '2020-05-08 01:01:40'),
(72, 1, '59B2Z1114828', 'Docente', 'PLAZAS ORGANICAS - E', 6, 40, 72, '2020-05-08 01:01:40'),
(73, 1, '391211115823', 'Docente', 'PLAZAS ORGANICAS - E', 3, 30, 73, '2020-05-08 01:01:40'),
(74, 1, '391211112827', 'Docente', 'PLAZAS ORGANICAS - E', 9, 40, 74, '2020-05-08 01:01:40'),
(75, 1, '391211113826', 'Docente', 'PLAZAS ORGANICAS - E', 2, 40, 75, '2020-05-08 01:01:40'),
(76, 1, '391211114822', 'Docente', 'PLAZAS ORGANICAS - E', 4, 40, 76, '2020-05-08 01:01:40'),
(77, 1, '391211114821', 'Docente', 'PLAZAS ORGANICAS - E', 4, 40, 77, '2020-05-08 01:01:40'),
(78, 1, '591271112822', 'Docente', 'PLAZAS ORGANICAS - E', 1, 40, 78, '2020-05-08 01:01:40'),
(79, 1, '59H2Z1113821', 'Docente', 'PLAZAS ORGANICAS - E', 8, 40, 79, '2020-05-08 01:01:40'),
(80, 1, '15EV01812651', 'Docente Altamente Especializado', 'PLAZAS ORGANICAS - E', 1, 20, 80, '2020-05-08 01:01:40'),
(81, 1, '15EV01812652', 'Docente Extraordinario', 'PLAZAS ORGANICAS - E', 6, 40, 81, '2020-05-08 01:01:40'),
(82, 1, '', 'Docente', 'BOLSA DE HORAS', 3, 18, 82, '2020-05-08 01:01:40'),
(83, 1, '', 'Docente', 'BOLSA DE HORAS', 5, 20, 83, '2020-05-08 01:01:40'),
(84, 1, '', 'Docente', 'BOLSA DE HORAS', 5, 20, 84, '2020-05-08 01:01:40'),
(85, 1, '', 'Docente', 'BOLSA DE HORAS', 5, 15, 85, '2020-05-08 01:01:40'),
(86, 1, '', 'Docente', 'BOLSA DE HORAS', 6, 15, 86, '2020-05-08 01:01:40'),
(87, 1, '', 'Docente', 'BOLSA DE HORAS', 6, 14, 87, '2020-05-08 01:01:40'),
(88, 1, '', 'Docente', 'BOLSA DE HORAS', 8, 6, 88, '2020-05-08 01:01:40'),
(89, 1, '', 'Docente', 'BOLSA DE HORAS', 7, 10, 89, '2020-05-08 01:01:40'),
(90, 1, '', 'Docente', 'BOLSA DE HORAS', 7, 18, 90, '2020-05-08 01:01:40'),
(91, 1, '', 'Docente', 'BOLSA DE HORAS', 7, 18, 91, '2020-05-08 01:01:40'),
(92, 1, '', 'Asistente', 'ASISTENTE', 1, 30, 92, '2020-05-08 01:01:40'),
(93, 1, '', 'Asistente', 'ASISTENTE', 2, 30, 93, '2020-05-08 01:01:40'),
(94, 1, '', 'Asistente', 'ASISTENTE', 3, 30, 94, '2020-05-08 01:01:40'),
(95, 1, '', 'Asistente', 'ASISTENTE', 3, 30, 95, '2020-05-08 01:01:40'),
(96, 1, '', 'Asistente', 'ASISTENTE', 4, 30, 96, '2020-05-08 01:01:40'),
(97, 1, '', 'Asistente', 'ASISTENTE', 5, 30, 97, '2020-05-08 01:01:40'),
(98, 1, '', 'Asistente', 'ASISTENTE', 5, 30, 98, '2020-05-08 01:01:40'),
(99, 1, '', 'Asistente', 'ASISTENTE', 6, 30, 99, '2020-05-08 01:01:40'),
(100, 1, '', 'Asistente', 'ASISTENTE', 6, 30, 100, '2020-05-08 01:01:40'),
(101, 1, '', 'Asistente', 'ASISTENTE', 8, 30, 101, '2020-05-08 01:01:40'),
(102, 1, '', 'Asistente', 'ASISTENTE', 9, 30, 102, '2020-05-08 01:01:40'),
(103, 1, '', 'Asistente', 'ASISTENTE', 9, 30, 103, '2020-05-08 01:01:40');

-- --------------------------------------------------------

--
-- Estructura de tabla para la tabla `plaza_vacante_area`
--

CREATE TABLE `plaza_vacante_area` (
  `ID` int(11) NOT NULL,
  `AREA` varchar(30) NOT NULL
) ENGINE=InnoDB DEFAULT CHARSET=utf8;

--
-- Volcado de datos para la tabla `plaza_vacante_area`
--

INSERT INTO `plaza_vacante_area` (`ID`, `AREA`) VALUES
(1, 'Administración de Empresas'),
(2, 'Contabilidad'),
(3, 'Computación de Informática'),
(4, 'Construcción Civil'),
(5, 'Electrotecnia Industrial'),
(6, 'Electrónica Industrial'),
(7, 'Formación Transversal'),
(8, 'Mecánica Automotriz'),
(9, 'Mecánica de Producción');

-- --------------------------------------------------------

--
-- Estructura de tabla para la tabla `semestre`
--

CREATE TABLE `semestre` (
  `ID_SEMESTRE` int(11) NOT NULL,
  `SEMESTRE` varchar(20) NOT NULL,
  `NOMBRE_SEMESTRE` varchar(50) NOT NULL,
  `FECHA_I` date NOT NULL,
  `FECHA_F` date NOT NULL,
  `CREADO` timestamp NOT NULL DEFAULT CURRENT_TIMESTAMP
) ENGINE=InnoDB DEFAULT CHARSET=utf8;

--
-- Volcado de datos para la tabla `semestre`
--

INSERT INTO `semestre` (`ID_SEMESTRE`, `SEMESTRE`, `NOMBRE_SEMESTRE`, `FECHA_I`, `FECHA_F`, `CREADO`) VALUES
(1, '2020-I', '\"semestre de la Universalización de la Salud\"', '2020-02-04', '2020-09-18', '2020-05-08 01:01:40');

-- --------------------------------------------------------

--
-- Estructura de tabla para la tabla `usuario`
--

CREATE TABLE `usuario` (
  `ID_USUARIO` int(11) NOT NULL,
  `ID_PERSONA` varchar(15) NOT NULL,
  `USUARIO` varchar(15) NOT NULL,
  `PASSWORD` varchar(70) NOT NULL,
  `ROL` int(1) NOT NULL DEFAULT '4',
  `ESTADO` int(1) NOT NULL DEFAULT '1',
  `ULTIMA_SESION` datetime DEFAULT NULL
) ENGINE=InnoDB DEFAULT CHARSET=utf8;

--
-- Volcado de datos para la tabla `usuario`
--

INSERT INTO `usuario` (`ID_USUARIO`, `ID_PERSONA`, `USUARIO`, `PASSWORD`, `ROL`, `ESTADO`, `ULTIMA_SESION`) VALUES
(1, '74085764', '74085764', '$2a$07$asxx54ahjppf45sd87a5au2pBEmCwXbhDdiAo6ADqWniIGyUhK5L6', 1, 1, '2020-08-06 13:25:20'),
(3, '06007764', '06007764', '$2a$07$asxx54ahjppf45sd87a5auUV0ML1EWRwfs0QmtQQrHE.xBGHcnGI.', 2, 1, '2020-08-06 13:22:23'),
(4, '06088867', '06088867', '$2a$07$asxx54ahjppf45sd87a5aueu9wtktJ.exr09nJpe8H2Wgd.Viz6bC', 4, 1, '2020-07-04 18:52:23'),
(5, '06195983', '06195983', '06195983', 4, 1, '2020-07-04 23:04:50'),
(6, '06245204', '06245204', '06245204', 4, 1, '2020-07-04 17:30:54'),
(7, '06691798', '06691798', '06691798', 4, 1, '2020-07-04 23:26:16'),
(8, '06993247', '06993247', '06993247', 4, 1, '2020-07-02 22:24:32'),
(9, '07026470', '07026470', '$2a$07$asxx54ahjppf45sd87a5auCsuGU7jdMmv0p4CB86wpiYIcm8oDCOS', 4, 1, '2020-07-03 14:09:35'),
(10, '07035164', '07035164', '07035164', 4, 1, '2020-07-03 15:34:49'),
(11, '07147314', '07147314', '07147314', 4, 1, '2020-07-04 15:16:09'),
(12, '07241494', '07241494', '07241494', 4, 1, '2020-07-03 08:00:06'),
(13, '07405481', '07405481', '07405481', 4, 1, '2020-07-03 22:43:55'),
(14, '07569381', '07569381', '07569381', 4, 1, '2020-07-04 23:00:00'),
(15, '07611148', '07611148', '07611148', 4, 1, '2020-07-04 16:16:45'),
(16, '07674010', '07674010', '07674010', 4, 1, '2020-07-04 15:12:15'),
(17, '07893052', '07893052', '07893052', 4, 1, NULL),
(18, '07909229', '07909229', '$2a$07$asxx54ahjppf45sd87a5auEveLY96Imb8zXTGptIJDOQTBVVapX.C', 4, 1, '2020-07-03 15:18:17'),
(19, '07956490', '07956490', '07956490', 4, 1, '2020-07-04 22:27:16'),
(20, '08009557', '08009557', '08009557', 4, 1, '2020-07-04 19:57:30'),
(21, '08086960', '08086960', '$2a$07$asxx54ahjppf45sd87a5auM01KCeCxXIs0PR8MBKCxKMaiPFTnM1m', 4, 1, '2020-07-04 23:23:02'),
(22, '08102608', '08102608', '$2a$07$asxx54ahjppf45sd87a5auO3f1x9H7cBlO8RUmJOz52mYtpfRIykW', 4, 1, '2020-07-03 22:23:33'),
(23, '08182892', '08182892', '08182892', 4, 1, '2020-07-06 00:57:55'),
(24, '08265137', '08265137', '08265137', 4, 1, '2020-07-04 23:57:11'),
(25, '08362795', '08362795', '$2a$07$asxx54ahjppf45sd87a5au7hyJ39Ap.rpEB6Oc/AdODi.cbNge6lm', 4, 1, '2020-07-03 16:05:12'),
(26, '08362828', '08362828', '08362828', 4, 1, '2020-07-04 22:33:15'),
(27, '08391755', '08391755', '$2a$07$asxx54ahjppf45sd87a5auvkxPVYa3D.V2X7tfp2soxrJXLV7HakW', 4, 1, '2020-07-03 14:07:07'),
(28, '08401157', '08401157', '08401157', 4, 1, '2020-07-04 22:16:35'),
(29, '08404484', '08404484', '$2a$07$asxx54ahjppf45sd87a5aunKf29m415nhvDnYeqTjsEif6W8TjrO2', 4, 1, '2020-07-03 14:39:51'),
(30, '08480056', '08480056', '08480056', 4, 1, '2020-07-02 22:25:05'),
(31, '08560779', '08560779', '08560779', 4, 1, '2020-07-03 20:36:53'),
(32, '08766287', '08766287', '08766287', 4, 1, '2020-07-04 22:40:44'),
(33, '08781895', '08781895', '08781895', 4, 1, '2020-07-05 11:11:10'),
(34, '08794524', '08794524', '08794524', 4, 1, '2020-07-03 22:24:07'),
(35, '08806618', '08806618', '$2a$07$asxx54ahjppf45sd87a5aua.2vsb5CxFtiHm9GhdQPyyyON4Ney1e', 4, 1, '2020-07-03 22:20:59'),
(36, '08900576', '08900576', '08900576', 4, 1, '2020-07-04 22:30:57'),
(37, '08952014', '08952014', '08952014', 4, 1, '2020-07-04 15:07:23'),
(38, '08958019', '08958019', '08958019', 4, 1, '2020-07-03 22:25:54'),
(39, '09086507', '09086507', '09086507', 4, 1, '2020-07-04 19:36:20'),
(40, '09120859', '09120859', '09120859', 4, 1, '2020-07-03 23:09:40'),
(41, '09121894', '09121894', '$2a$07$asxx54ahjppf45sd87a5auJtdbUaYlTkAJJQF42sPCmIYm9Xrpj9K', 4, 1, '2020-07-21 12:10:49'),
(42, '09136342', '09136342', '09136342', 4, 1, '2020-07-03 16:06:54'),
(43, '09237051', '09237051', '09237051', 4, 1, '2020-07-04 16:55:10'),
(44, '09253109', '09253109', '09253109', 4, 1, '2020-07-04 22:33:28'),
(45, '09289133', '09289133', '09289133', 4, 1, NULL),
(46, '09405771', '09405771', '09405771', 4, 1, '2020-07-03 22:23:05'),
(47, '09409485', '09409485', '09409485', 4, 1, '2020-07-03 15:02:15'),
(48, '09541875', '09541875', '09541875', 4, 1, '2020-07-14 14:41:30'),
(49, '09546471', '09546471', '09546471', 4, 1, '2020-07-03 15:07:50'),
(50, '09582979', '09582979', '09582979', 4, 1, '2020-07-04 17:11:09'),
(51, '09721083', '09721083', '$2a$07$asxx54ahjppf45sd87a5au8V4Nxm7xhRfVcdMNda.vCykTrlM/fsa', 4, 1, '2020-07-03 16:55:22'),
(52, '09827810', '09827810', '09827810', 4, 1, '2020-07-02 11:24:15'),
(53, '09874960', '09874960', '09874960', 4, 1, NULL),
(54, '10007876', '10007876', '$2a$07$asxx54ahjppf45sd87a5au03va3SSwf/D2kd5lxtCqOBf.7BHwovi', 4, 1, '2020-07-03 15:10:44'),
(55, '10014826', '10014826', '10014826', 4, 1, '2020-07-05 09:25:40'),
(56, '10015145', '10015145', '10015145', 4, 1, '2020-07-01 22:10:30'),
(57, '10022020', '10022020', '10022020', 4, 1, '2020-07-04 14:41:22'),
(58, '10087395', '10087395', '10087395', 4, 1, '2020-07-04 22:21:47'),
(59, '10098289', '10098289', '10098289', 4, 1, '2020-07-03 15:39:25'),
(60, '10226614', '10226614', '10226614', 4, 1, '2020-07-03 17:01:16'),
(61, '10331060', '10331060', '$2a$07$asxx54ahjppf45sd87a5auS9Qk5.qho0TQPI9Gr1uVPReEK3g6zIO', 4, 1, '2020-07-04 18:08:58'),
(62, '10338978', '10338978', '10338978', 4, 1, '2020-07-03 20:02:55'),
(63, '10348997', '10348997', '10348997', 4, 1, '2020-07-04 20:09:35'),
(64, '10447682', '10447682', '10447682', 4, 1, '2020-07-03 15:32:50'),
(65, '10484364', '10484364', '$2a$07$asxx54ahjppf45sd87a5auEB09f7fHtNjkgomn0825AXtihnL0g3K', 4, 1, '2020-07-05 00:12:36'),
(66, '10524996', '10524996', '10524996', 4, 1, '2020-07-03 15:50:43'),
(67, '10650976', '10650976', '10650976', 4, 1, '2020-07-05 10:55:09'),
(68, '10718367', '10718367', '10718367', 4, 1, '2020-07-03 13:19:21'),
(69, '10751082', '10751082', '10751082', 4, 1, '2020-07-04 16:21:05'),
(70, '10809045', '10809045', '$2a$07$asxx54ahjppf45sd87a5auLxT7T.DUydtMiQrRCjE9Oudav.sn9ZG', 4, 1, '2020-07-03 22:22:14'),
(71, '10866510', '10866510', '$2a$07$asxx54ahjppf45sd87a5auZQlxMY.ZBRc0YlUr6kpikoTLSSom7Ri', 4, 1, '2020-07-03 18:00:54'),
(72, '15604382', '15604382', '$2a$07$asxx54ahjppf45sd87a5auCGGXFnkqgS8K3/XUjvw2Xwapx0aFTyq', 4, 1, '2020-07-03 22:44:22'),
(73, '16120909', '16120909', '$2a$07$asxx54ahjppf45sd87a5au.L2OwLdxxaZMxAcs1HGnxEGyH15pKFW', 4, 1, '2020-07-03 22:21:03'),
(74, '16168594', '16168594', '16168594', 4, 1, '2020-07-03 15:05:03'),
(75, '16168702', '16168702', '$2a$07$asxx54ahjppf45sd87a5auhKCHVBCoOFVYqMfUygPOgmMBDT8r1Hy', 4, 1, '2020-07-03 22:27:22'),
(76, '18098269', '18098269', '18098269', 4, 1, '2020-07-02 16:08:18'),
(77, '19944586', '19944586', '$2a$07$asxx54ahjppf45sd87a5auaeT.tcLaUB65ouPlOv4PqIi5nLpRKfW', 4, 1, '2020-07-04 22:30:42'),
(78, '21527619', '21527619', '21527619', 4, 1, '2020-07-03 18:27:08'),
(79, '21860621', '21860621', '21860621', 4, 1, '2020-07-03 22:29:44'),
(80, '21864142', '21864142', '$2a$07$asxx54ahjppf45sd87a5auwmnlsDt9.8cYmhDAYHXVIUlxLPlUHuK', 4, 1, '2020-07-04 23:11:29'),
(81, '25619982', '25619982', '$2a$07$asxx54ahjppf45sd87a5auojv76yg519kIdzlitD7JEdMjZGKZaZu', 4, 1, '2020-07-03 22:16:03'),
(82, '40032759', '40032759', '40032759', 4, 1, '2020-07-04 15:05:48'),
(83, '40131252', '40131252', '$2a$07$asxx54ahjppf45sd87a5auGnGvAikXpyFpqXYvkdbXmAUr9WoNsLO', 4, 1, '2020-07-03 14:50:55'),
(84, '40174999', '40174999', '40174999', 4, 1, '2020-07-04 18:02:18'),
(85, '40228607', '40228607', '40228607', 4, 1, '2020-07-04 23:30:04'),
(86, '40305202', '40305202', '40305202', 4, 1, '2020-07-03 16:06:44'),
(87, '41739825', '41739825', '41739825', 4, 1, '2020-07-03 15:16:45'),
(88, '42646856', '42646856', '42646856', 4, 1, '2020-07-03 15:19:47'),
(89, '42848773', '42848773', '42848773', 4, 1, '2020-07-03 22:19:30'),
(90, '43279379', '43279379', '$2a$07$asxx54ahjppf45sd87a5auF.rK4XZKfTUmSGVHTUuUDOM.R0xIejy', 4, 1, '2020-07-03 22:27:53'),
(91, '43476111', '43476111', '43476111', 4, 1, '2020-07-04 16:57:23'),
(92, '43924539', '43924539', '43924539', 4, 1, '2020-07-03 13:32:48'),
(93, '44628281', '44628281', '44628281', 4, 1, '2020-07-03 14:06:49'),
(94, '44807430', '44807430', '44807430', 4, 1, '2020-07-03 16:04:32'),
(95, '44859897', '44859897', '44859897', 4, 1, '2020-07-03 00:03:39'),
(96, '45124334', '45124334', '$2a$07$asxx54ahjppf45sd87a5au/LM0Cdo5szJ2Lu/t8d/k4UIB7BspM5S', 4, 1, '2020-07-05 12:31:16'),
(97, '45983867', '45983867', '$2a$07$asxx54ahjppf45sd87a5auEgekcJbITpI1S4eQ8/kpoqkOPb5wd6S', 4, 1, '2020-07-03 15:24:13'),
(98, '48666856', '48666856', '48666856', 4, 1, '2020-07-04 22:10:19'),
(99, '70008397', '70008397', '$2a$07$asxx54ahjppf45sd87a5aultk4pgJyr0dY6VeNziJOmw6ODQaHDjG', 4, 1, '2020-07-04 17:54:17'),
(100, '70219860', '70219860', '70219860', 4, 1, '2020-07-04 15:18:48'),
(101, '70295941', '70295941', '70295941', 4, 1, '2020-07-04 22:38:39'),
(103, '41292845', '41292845', '41292845', 4, 1, '2020-07-04 23:51:13'),
(104, '09682926', '09682926', '$2a$07$asxx54ahjppf45sd87a5aul/bavNHdNX3tA04fLJhyK6.iZ3HjDWm', 4, 1, '2020-07-03 22:47:20'),
(105, '07218435', '07218435', '07218435', 4, 1, '2020-07-03 17:51:23'),
(106, '44022944', '44022944', '44022944', 4, 1, '2020-07-04 22:37:08'),
(107, '40034231', '40034231', '$2a$07$asxx54ahjppf45sd87a5auzk6LWI97vLsiP4DXfNmVS1Y/hLQe6r6', 4, 1, '2020-07-05 12:39:12'),
(108, '72849319', '72849319', '72849319', 4, 1, '2020-07-04 23:09:31'),
(109, '10037324', '10037324', '10037324', 4, 1, '2020-07-04 16:02:51'),
(110, '41426972', '41426972', '$2a$07$asxx54ahjppf45sd87a5aunPM6cfncoIvFq4xJX90fUNV6JRCYeky', 4, 1, '2020-07-03 19:01:38'),
(114, '15415656', '15415656', '$2a$07$asxx54ahjppf45sd87a5au7IGhiw0GNCaXbDNRYiVpZPRWZarybKu', 4, 1, '2020-07-03 16:24:45'),
(115, '09130661', '09130661', '$2a$07$asxx54ahjppf45sd87a5auwsoSOQbDoC0z33qSG4aiKzPtDMLzmQe', 4, 1, NULL),
(116, '19557438', '19557438', '$2a$07$asxx54ahjppf45sd87a5au5ZYlw5x4QkmWGHP/b4fCTO5PBMo00i6', 4, 1, NULL),
(117, '09129625', '09129625', '$2a$07$asxx54ahjppf45sd87a5au8s7qiYDi1l9h15.rAI4sCj/9DBJ0tQe', 4, 1, NULL),
(118, '08408971', '08408971', '$2a$07$asxx54ahjppf45sd87a5auo5x7AtcpwKf/IED6LbCyEyFkr0/1DEa', 4, 1, NULL),
(119, '08353251', '08353251', '$2a$07$asxx54ahjppf45sd87a5auCBktQaDOXO1gRcF//wLeoeUxYmyoGmG', 4, 1, '2020-07-03 16:32:01'),
(120, '09580069', '09580069', '$2a$07$asxx54ahjppf45sd87a5auW4T6XKqSm17uz5rRqOg73HvH5HaJ2d2', 4, 1, '2020-07-03 16:34:26'),
(121, '08427885', '08427885', '$2a$07$asxx54ahjppf45sd87a5auI8t1HE9rGlUGWO/QxUtPg50lGeiAbsm', 4, 1, NULL),
(122, '08360014', '08360014', '$2a$07$asxx54ahjppf45sd87a5auSHjiG.Nki4ef45A1fSf5MCTkPjvRI86', 4, 1, NULL),
(123, '08350123', '08350123', '$2a$07$asxx54ahjppf45sd87a5au5E1THxsbf/3ezxr9fTVo7WoOYLvrsmC', 4, 1, NULL),
(125, '06058629', '06058629', '$2a$07$asxx54ahjppf45sd87a5auhn1ruAZH6CmSW.BESsilbD2ckEc.t/S', 4, 1, '2020-07-03 16:17:34'),
(126, '08398587', '08398587', '$2a$07$asxx54ahjppf45sd87a5aulWP2TghLURmZmNdWrOuQJBmStxtkt6.', 4, 1, NULL),
(127, '41966159', '41966159', '$2a$07$asxx54ahjppf45sd87a5aumXNH/DmVlB/4YysbP8ZGL2MZkGJvX1e', 4, 1, '2020-07-04 03:52:08'),
(128, '08943710', '08943710', '$2a$07$asxx54ahjppf45sd87a5auhkUaXKuJlZTDABrEuL1ssPRkdQ6dlUy', 4, 1, NULL),
(129, '08547142', '08547142', '$2a$07$asxx54ahjppf45sd87a5aubqXuaSO3ZMCcjtwSDRkbMPdirDKKuju', 4, 1, '2020-07-03 16:50:33'),
(130, '07672853', '07672853', '$2a$07$asxx54ahjppf45sd87a5aurHBWF0KaeTRlSbOMUtxEvK1gWoJXq1C', 4, 1, '2020-07-03 16:47:23'),
(131, '07863264', '07863264', '$2a$07$asxx54ahjppf45sd87a5auz4heymSlaufLj0MRWgr9gm9FiHQF3oW', 4, 1, '2020-07-04 00:33:57'),
(132, '29556963', '29556963', '$2a$07$asxx54ahjppf45sd87a5auBWhXRW.u4n6290GC69X7JYxzGEnhr3S', 4, 1, '2020-07-03 20:36:39'),
(133, '06276805', '06276805', '$2a$07$asxx54ahjppf45sd87a5au.7Sfcpu6CXJydWMyG9PezfyRmOMu/Xe', 4, 1, NULL),
(134, '10519723', '10519723', '$2a$07$asxx54ahjppf45sd87a5auCQNWIH4umlKHHuaNxa9Jzr9ANzAI/CW', 4, 1, '2020-07-03 22:43:34'),
(135, '40899608', '40899608', '$2a$07$asxx54ahjppf45sd87a5auxkQlZv1Een5sv.FPeaf44D59zFMVM1u', 4, 1, '2020-07-03 19:40:35'),
(136, '43442980', '43442980', '$2a$07$asxx54ahjppf45sd87a5auOwdi3s.ltvTCszCp6rVc6WXzktkslF.', 4, 1, '2020-07-03 15:15:47'),
(137, '08422154', '08422154', '$2a$07$asxx54ahjppf45sd87a5auD6SOAr6IYT8Bk.iBN1dfltNybWheX6C', 4, 1, '2020-07-03 16:33:17'),
(138, '44444444', '44444444', '44444444', 4, 1, NULL),
(139, '75079131', '75079131', '75079131', 4, 1, NULL),
(141, '88888888', '88888888', '88888888', 4, 1, NULL),
(142, '06058629', '06058629', '$2a$07$asxx54ahjppf45sd87a5au2jHdTnhIafZfb0FvhgheNtElX7hs4WK', 4, 1, '2020-07-03 16:17:34'),
(143, '74085764', '74085764', '$2a$07$asxx54ahjppf45sd87a5au2pBEmCwXbhDdiAo6ADqWniIGyUhK5L6', 4, 1, '2020-08-06 13:25:20'),
(144, '74085764', '74085764', '$2a$07$asxx54ahjppf45sd87a5au2pBEmCwXbhDdiAo6ADqWniIGyUhK5L6', 4, 1, '2020-08-06 13:25:20'),
(145, '74085764', '74085764', '$2a$07$asxx54ahjppf45sd87a5au2pBEmCwXbhDdiAo6ADqWniIGyUhK5L6', 4, 1, '2020-08-06 13:25:20'),
(146, '74085764', '74085764', '$2a$07$asxx54ahjppf45sd87a5au2pBEmCwXbhDdiAo6ADqWniIGyUhK5L6', 4, 1, '2020-08-06 13:25:20'),
(147, '74085764', '74085764', '$2a$07$asxx54ahjppf45sd87a5au2pBEmCwXbhDdiAo6ADqWniIGyUhK5L6', 4, 1, '2020-08-06 13:25:20'),
(148, '74085764', '74085764', '$2a$07$asxx54ahjppf45sd87a5au2pBEmCwXbhDdiAo6ADqWniIGyUhK5L6', 4, 1, '2020-08-06 13:25:20'),
(149, '74085764', '74085764', '$2a$07$asxx54ahjppf45sd87a5au2pBEmCwXbhDdiAo6ADqWniIGyUhK5L6', 4, 1, '2020-08-06 13:25:20'),
(150, '66666666', '66666666', '66666666', 4, 1, NULL);

--
-- Índices para tablas volcadas
--

--
-- Indices de la tabla `administrativo`
--
ALTER TABLE `administrativo`
  ADD PRIMARY KEY (`ID_ADMINISTRATIVO`),
  ADD KEY `FK1` (`ID_PERSONA`);

--
-- Indices de la tabla `asig_plaza_vacante`
--
ALTER TABLE `asig_plaza_vacante`
  ADD PRIMARY KEY (`ID_ASIG_PLAZA_V`),
  ADD KEY `FK3` (`ID_PERSONA`),
  ADD KEY `FK33` (`ID_PLAZA_VACANTE`);

--
-- Indices de la tabla `asistencia`
--
ALTER TABLE `asistencia`
  ADD PRIMARY KEY (`ID_ASISTENCIA`),
  ADD KEY `FK1` (`ID_PERSONA`),
  ADD KEY `FK` (`ID_SEMESTRE`),
  ADD KEY `´dd´` (`ID_CATEGORIA_ASI`);

--
-- Indices de la tabla `categoria_asistencia`
--
ALTER TABLE `categoria_asistencia`
  ADD PRIMARY KEY (`ID_CATEGORIA_ASI`);

--
-- Indices de la tabla `persona`
--
ALTER TABLE `persona`
  ADD PRIMARY KEY (`ID_PERSONA`);

--
-- Indices de la tabla `plaza_vacante`
--
ALTER TABLE `plaza_vacante`
  ADD PRIMARY KEY (`ID_PLAZA_VACANTE`),
  ADD KEY `´S´` (`ID_SEMESTRE`),
  ADD KEY `´dd´` (`ID_AREA`);

--
-- Indices de la tabla `plaza_vacante_area`
--
ALTER TABLE `plaza_vacante_area`
  ADD PRIMARY KEY (`ID`);

--
-- Indices de la tabla `semestre`
--
ALTER TABLE `semestre`
  ADD PRIMARY KEY (`ID_SEMESTRE`);

--
-- Indices de la tabla `usuario`
--
ALTER TABLE `usuario`
  ADD PRIMARY KEY (`ID_USUARIO`),
  ADD KEY `FK` (`ID_PERSONA`);

--
-- AUTO_INCREMENT de las tablas volcadas
--

--
-- AUTO_INCREMENT de la tabla `administrativo`
--
ALTER TABLE `administrativo`
  MODIFY `ID_ADMINISTRATIVO` int(11) NOT NULL AUTO_INCREMENT, AUTO_INCREMENT=31;

--
-- AUTO_INCREMENT de la tabla `asig_plaza_vacante`
--
ALTER TABLE `asig_plaza_vacante`
  MODIFY `ID_ASIG_PLAZA_V` int(11) NOT NULL AUTO_INCREMENT, AUTO_INCREMENT=108;

--
-- AUTO_INCREMENT de la tabla `asistencia`
--
ALTER TABLE `asistencia`
  MODIFY `ID_ASISTENCIA` int(11) NOT NULL AUTO_INCREMENT, AUTO_INCREMENT=2054;

--
-- AUTO_INCREMENT de la tabla `categoria_asistencia`
--
ALTER TABLE `categoria_asistencia`
  MODIFY `ID_CATEGORIA_ASI` int(2) NOT NULL AUTO_INCREMENT, AUTO_INCREMENT=9;

--
-- AUTO_INCREMENT de la tabla `plaza_vacante`
--
ALTER TABLE `plaza_vacante`
  MODIFY `ID_PLAZA_VACANTE` int(11) NOT NULL AUTO_INCREMENT, AUTO_INCREMENT=104;

--
-- AUTO_INCREMENT de la tabla `plaza_vacante_area`
--
ALTER TABLE `plaza_vacante_area`
  MODIFY `ID` int(11) NOT NULL AUTO_INCREMENT, AUTO_INCREMENT=10;

--
-- AUTO_INCREMENT de la tabla `semestre`
--
ALTER TABLE `semestre`
  MODIFY `ID_SEMESTRE` int(11) NOT NULL AUTO_INCREMENT, AUTO_INCREMENT=2;

--
-- AUTO_INCREMENT de la tabla `usuario`
--
ALTER TABLE `usuario`
  MODIFY `ID_USUARIO` int(11) NOT NULL AUTO_INCREMENT, AUTO_INCREMENT=151;

--
-- Restricciones para tablas volcadas
--

--
-- Filtros para la tabla `administrativo`
--
ALTER TABLE `administrativo`
  ADD CONSTRAINT `administrativo_ibfk_2` FOREIGN KEY (`ID_PERSONA`) REFERENCES `persona` (`ID_PERSONA`);

--
-- Filtros para la tabla `asig_plaza_vacante`
--
ALTER TABLE `asig_plaza_vacante`
  ADD CONSTRAINT `asig_plaza_vacante_ibfk_1` FOREIGN KEY (`ID_PLAZA_VACANTE`) REFERENCES `plaza_vacante` (`ID_PLAZA_VACANTE`),
  ADD CONSTRAINT `asig_plaza_vacante_ibfk_4` FOREIGN KEY (`ID_PERSONA`) REFERENCES `persona` (`ID_PERSONA`);

--
-- Filtros para la tabla `asistencia`
--
ALTER TABLE `asistencia`
  ADD CONSTRAINT `asistencia_ibfk_1` FOREIGN KEY (`ID_PERSONA`) REFERENCES `persona` (`ID_PERSONA`),
  ADD CONSTRAINT `asistencia_ibfk_2` FOREIGN KEY (`ID_SEMESTRE`) REFERENCES `semestre` (`ID_SEMESTRE`),
  ADD CONSTRAINT `asistencia_ibfk_3` FOREIGN KEY (`ID_CATEGORIA_ASI`) REFERENCES `categoria_asistencia` (`ID_CATEGORIA_ASI`);

--
-- Filtros para la tabla `plaza_vacante`
--
ALTER TABLE `plaza_vacante`
  ADD CONSTRAINT `plaza_vacante_ibfk_1` FOREIGN KEY (`ID_SEMESTRE`) REFERENCES `semestre` (`ID_SEMESTRE`),
  ADD CONSTRAINT `plaza_vacante_ibfk_2` FOREIGN KEY (`ID_AREA`) REFERENCES `plaza_vacante_area` (`ID`);

--
-- Filtros para la tabla `usuario`
--
ALTER TABLE `usuario`
  ADD CONSTRAINT `usuario_ibfk_1` FOREIGN KEY (`ID_PERSONA`) REFERENCES `persona` (`ID_PERSONA`);
COMMIT;

/*!40101 SET CHARACTER_SET_CLIENT=@OLD_CHARACTER_SET_CLIENT */;
/*!40101 SET CHARACTER_SET_RESULTS=@OLD_CHARACTER_SET_RESULTS */;
/*!40101 SET COLLATION_CONNECTION=@OLD_COLLATION_CONNECTION */;
